price,year_sold,age,area,n_rooms,n_bedrooms,n_bathrooms,quality
215000,2010,50,1656,7,3,1,6
105000,2010,49,896,5,2,1,5
172000,2010,52,1329,6,3,1.5,6
244000,2010,42,2110,8,3,2.5,7
189900,2010,13,1629,6,3,2.5,5
195500,2010,12,1604,7,3,2.5,6
213500,2010,9,1338,6,2,2,8
191500,2010,18,1280,5,2,2,8
236500,2010,15,1616,5,2,2,8
189000,2010,11,1804,7,3,2.5,7
175900,2010,17,1655,7,3,2.5,6
185000,2010,18,1187,6,3,2,6
180400,2010,12,1465,7,3,2.5,6
171500,2010,20,1341,5,2,1.5,7
212000,2010,25,1502,4,1,1.5,8
538000,2010,7,3279,12,4,3.5,8
164000,2010,22,1752,8,4,2,8
394432,2010,0,1856,8,1,1.5,9
141000,2010,59,864,4,2,1,4
210000,2010,32,2073,7,3,2,6
190000,2010,33,1844,7,3,2,6
170000,2010,36,1173,6,3,2,7
216000,2010,10,1674,7,3,2.5,7
149000,2010,40,1004,5,2,1,6
149900,2010,39,1078,6,3,1.5,5
142000,2010,42,1056,6,3,1,5
126000,2010,40,882,4,2,1,4
115000,2010,39,864,5,3,1,4
184000,2010,11,1337,5,2,2,7
96000,2010,39,987,5,2,1.5,6
105500,2010,39,1092,6,3,1.5,5
88000,2010,39,1092,6,3,1.5,6
127500,2010,33,1069,4,2,2,6
149900,2010,35,1456,6,3,2.5,6
120000,2010,35,836,4,2,1,7
146000,2010,32,1456,7,3,2.5,6
376162,2010,1,2334,10,3,2.5,9
306000,2010,3,1704,7,3,2,8
395192,2010,1,1940,8,3,2.5,9
290941,2010,1,1544,7,3,2,8
220000,2010,5,1541,7,3,2,7
275000,2010,5,1698,7,3,2,9
259000,2010,5,1822,8,3,2,8
214000,2010,6,1535,7,3,2,7
611657,2010,1,2364,11,2,2.5,9
224000,2010,1,1358,6,2,2,7
500000,2010,7,2696,10,3,2.5,9
320000,2010,8,2250,7,3,2.5,8
319900,2010,5,1752,6,2,2,9
205000,2010,4,1370,6,2,2,8
175500,2010,7,1626,6,2,2.5,7
199500,2010,5,1324,6,3,2,6
160000,2010,4,1145,6,2,2,7
192000,2010,6,1269,6,2,2,8
184500,2010,6,1374,7,3,2.5,7
216500,2010,8,1960,8,4,2.5,6
185088,2010,6,1733,7,3,2.5,7
180000,2010,10,1430,7,3,2.5,7
222500,2010,9,2035,8,3,2.5,7
333168,2010,11,2599,10,4,2.5,9
355000,2010,12,2475,7,4,2.5,8
260400,2010,14,1720,7,3,2,7
325000,2010,16,2622,9,3,2.5,8
290000,2010,11,2270,9,4,2.5,8
221000,2010,12,1839,7,4,2.5,7
410000,2010,15,3238,9,4,2.5,8
221500,2010,5,1595,6,2,2,8
204500,2010,1,1218,4,2,2,7
215200,2010,1,1547,7,3,2.5,7
262500,2010,2,1566,7,3,2,8
254900,2010,6,1947,8,3,2.5,7
271500,2010,5,1468,6,2,2,6
233000,2010,6,2084,8,4,2.5,7
181000,2010,6,1659,8,3,2.5,7
205000,2010,16,2110,8,3,2.5,7
143000,2010,30,923,5,2,2,6
189000,2010,18,1845,8,3,2.5,6
99500,2010,31,918,5,2,2,6
125000,2010,26,752,4,2,1,6
194500,2010,17,1744,7,3,2.5,7
152000,2010,26,1097,6,3,2,6
171000,2010,30,1564,7,3,2.5,6
67500,2010,90,1012,5,2,1,5
112000,2010,32,1902,8,4,2,6
148000,2010,49,1155,6,3,1,5
138500,2010,45,894,5,3,1,5
122000,2010,43,900,5,3,1,5
133000,2010,47,1040,5,3,1.5,5
127000,2010,48,1040,6,3,1.5,5
169000,2010,36,1494,7,3,2,6
190000,2010,18,1923,8,3,2.5,7
362500,2010,17,2349,9,4,2.5,8
285000,2010,18,2225,7,4,2.5,8
260000,2010,6,1488,6,2,2,7
190000,2010,6,1680,3,2,2.5,7
155000,2010,6,1200,4,2,2.5,7
151000,2010,6,1200,4,2,2.5,7
149500,2010,6,1200,4,2,2.5,7
152000,2010,5,1236,4,2,2.5,6
222000,2010,1,1478,7,2,2.5,7
177500,2010,10,1573,5,3,2.5,6
177000,2010,10,1512,5,2,2.5,6
155000,2010,11,1416,6,3,2.5,7
147110,2010,7,1080,4,2,2.5,7
267916,2010,0,1418,6,1,1.5,8
254000,2010,10,1848,7,3,2.5,8
155000,2010,30,788,3,1,1,8
206000,2010,32,1226,4,1,1,8
130500,2010,34,1479,6,3,2.5,6
230000,2010,8,1492,6,3,2,7
218500,2010,43,1829,8,4,2,6
243500,2010,17,2495,9,4,2.5,6
205000,2010,33,1610,6,3,2,6
212500,2010,32,1891,7,3,3,6
196500,2010,22,1714,7,3,2.5,7
197500,2010,38,1381,5,3,1.5,6
171000,2010,39,1645,7,4,2,6
142250,2010,44,1232,6,3,1.5,5
143000,2010,47,1328,6,3,1.5,6
128950,2010,51,1225,6,3,1.5,4
159000,2010,44,1209,6,3,1,5
178900,2010,43,1510,6,3,2,5
136300,2010,46,1775,8,3,2,6
180500,2010,46,1152,6,3,1,5
137500,2010,47,1054,6,3,1,6
84900,2010,48,1728,10,6,2,5
142125,2010,60,1078,5,2,1,5
197600,2010,58,2461,7,3,2,5
172500,2010,61,1556,6,3,2,6
116500,2010,52,858,4,2,1,5
76500,2010,70,1306,6,3,1,3
128000,2010,56,1063,6,3,1,5
153000,2010,55,1520,7,3,1,6
132000,2010,56,1268,7,2,1,5
178000,2010,44,1128,5,2,1,6
154300,2010,50,2274,12,5,2,5
180000,2010,40,2207,7,3,2,7
190000,2010,44,1888,6,2,2.5,6
135000,2010,52,1604,8,4,2,5
214000,2010,7,1480,7,3,2,7
136000,2010,51,1143,6,3,1,5
165500,2010,51,1700,6,4,1.5,5
145000,2010,53,1314,5,3,1,5
148000,2010,51,1194,6,3,1,6
142000,2010,51,1188,6,3,1,5
167500,2010,50,1264,6,3,1,5
108538,2010,51,1206,6,3,1,5
159500,2010,51,1580,6,3,1.5,6
108000,2010,54,1337,5,3,1,4
135000,2010,58,1064,4,2,1,5
122500,2010,55,972,5,3,1,5
119000,2010,52,988,5,2,1,5
109000,2010,57,1057,5,3,1,5
105000,2010,90,985,4,2,1,4
107500,2010,55,827,5,2,1,5
144900,2010,56,1086,6,3,1,5
129000,2010,54,936,4,2,1,5
97500,2010,62,1458,6,3,1,6
144000,2010,30,1056,4,0,0,6
162000,2010,51,1287,7,3,1,5
242000,2010,43,2978,11,5,2.5,7
132000,2010,62,1224,5,3,1,6
154000,2010,51,1246,6,3,1.5,5
166000,2010,58,1385,6,4,2,5
134800,2010,59,900,5,3,1,5
160000,2010,48,1116,5,3,1.5,6
148000,2010,50,1175,6,3,1.5,5
192000,2010,47,1395,7,2,1,6
155000,2010,44,1839,7,4,1.5,6
80400,2010,110,1844,9,3,1,4
96500,2010,100,1140,7,3,1,4
109500,2010,90,936,5,2,1,5
115000,2010,83,1028,5,2,1,5
143000,2010,53,1347,6,3,1,5
107400,2010,95,1605,8,3,2,3
80000,2010,65,747,4,2,1,4
119000,2010,70,804,4,2,1,5
130000,2010,81,1316,6,3,1,5
119000,2010,72,1251,6,3,1,6
129000,2010,62,1633,7,3,1,5
100000,2010,90,1245,6,3,1,5
12789,2010,87,832,5,2,1,2
105900,2010,82,720,5,2,1,6
150000,2010,110,1566,7,3,2,8
139000,2010,95,1652,7,4,2,5
240000,2010,120,2268,7,3,3,8
76500,2010,100,2256,12,4,2,5
149700,2010,53,1236,6,2,1,6
125500,2010,100,1363,6,3,1,4
122500,2010,125,2290,11,4,2,4
140750,2010,88,1470,6,2,1.5,6
128500,2010,60,1612,7,3,1.5,5
209500,2010,88,2068,8,3,1.5,7
87000,2010,85,765,4,2,1,4
134000,2010,71,1132,5,2,1,6
128000,2010,70,1196,6,3,1.5,6
132000,2010,68,1453,7,3,1.5,5
139900,2010,62,1416,6,3,1.5,6
123900,2010,74,1040,5,2,1,5
138400,2010,80,1536,7,4,2,5
109500,2010,87,1068,5,2,1,6
140000,2010,89,1710,9,3,2,7
149500,2010,95,1962,9,4,1.5,4
159900,2010,98,1560,7,3,1.5,6
122000,2010,90,1324,6,3,1,6
110000,2010,47,816,5,2,1,5
55000,2010,80,1092,7,3,2,4
140000,2010,110,1812,8,4,2,5
244400,2010,70,2403,10,4,2,7
173000,2010,51,1675,8,3,2,5
107500,2010,93,1224,6,3,1.5,5
100000,2010,95,1392,6,3,1,5
95000,2010,70,919,5,3,1,6
93369,2010,103,1884,7,4,1.5,4
114900,2010,100,1680,7,2,2,5
94000,2010,135,1020,6,2,1,5
136000,2010,43,1832,8,4,2,4
136500,2010,42,1768,8,4,2,4
131500,2010,45,1039,6,3,1.5,5
121500,2010,53,1392,5,3,1.5,5
125000,2010,43,912,5,3,1,5
154000,2010,42,1060,6,3,1,5
137900,2010,44,892,5,3,1,5
158000,2010,41,1352,7,4,1.5,6
137250,2010,42,864,4,2,1,5
160250,2010,32,1373,5,3,1,5
163000,2010,42,1440,7,4,1.5,5
158900,2010,32,1386,6,3,2.5,6
328000,2010,14,2260,7,3,2.5,7
270000,2010,33,1483,4,1,1.5,7
85000,2010,83,756,4,2,1,4
128000,2010,60,1067,4,2,2,4
260000,2010,31,1524,4,0,0.5,7
230000,2010,32,1981,8,4,2.5,6
124000,2010,72,1610,8,4,2,3
83000,2010,90,835,5,2,1,5
144500,2010,60,1074,6,3,1,6
129000,2010,54,1144,6,3,1,5
127000,2010,63,1531,8,3,1,4
128000,2010,56,1172,5,3,1,5
186000,2010,1,1212,6,3,2,6
308030,2010,1,1508,5,1,1,7
114000,2010,46,1298,5,3,2,5
84900,2010,64,930,6,2,1,4
178000,2010,25,1732,7,3,2.5,6
270000,2010,23,1433,4,1,1.5,7
218000,2010,17,1802,8,3,2.5,6
236000,2010,17,1949,8,3,2.5,7
147000,2010,18,996,5,2,1,6
245350,2010,2,1694,7,3,2,8
206000,2010,4,1208,6,2,2,7
198900,2010,1,1226,6,3,2,7
187000,2010,0,1222,6,2,2,7
320000,2010,20,3222,11,5,3,7
138500,2010,110,1445,6,3,2,6
155000,2010,39,1052,6,3,1,6
159000,2010,14,965,4,2,1,5
191000,2010,13,1692,8,3,2.5,7
200500,2010,12,1682,7,3,2.5,6
150000,2010,33,1026,5,3,1.5,5
161750,2010,33,1392,6,3,1.5,6
128200,2010,34,894,5,3,1,5
127000,2010,38,876,5,3,1,5
318000,2010,7,1978,8,3,2.5,8
272000,2010,9,1601,6,3,2,8
237000,2010,7,1829,7,3,2.5,7
240000,2010,13,2098,9,4,2.5,7
224900,2010,12,1661,6,3,2,7
143750,2010,7,848,4,1,1,6
143000,2010,6,848,3,1,1,6
232000,2010,7,1668,8,3,2,8
213000,2010,6,1484,7,3,2,7
185500,2010,6,1414,6,3,2,7
84900,2010,65,640,5,2,1,3
155891,2010,56,992,6,3,1,5
100000,2010,45,1664,8,4,2,5
144000,2010,42,1196,6,3,1,5
64000,2010,62,1120,5,2,1,4
125200,2010,35,1096,5,3,1,6
107000,2010,34,1117,6,3,1,6
90000,2010,52,960,5,3,1,4
140000,2010,7,1121,5,2,2,4
113000,2010,65,1487,7,3,1.5,6
80000,2010,69,924,5,2,1,4
144500,2010,53,1526,7,4,1,5
104000,2010,86,1296,5,2,2,5
128000,2010,95,1647,6,4,1.5,6
58500,2010,96,864,5,2,1,3
127000,2010,86,1691,6,3,2,5
126000,2010,71,856,4,2,1,6
160000,2010,43,2650,10,6,3,4
100000,2010,79,1666,7,3,1,5
169000,2010,91,2447,10,4,2,6
257500,2010,69,2133,8,4,1.5,7
215000,2010,60,2177,11,5,2.5,5
266500,2010,69,2340,9,4,2,7
335000,2010,51,1902,7,3,2,7
203135,2010,16,1652,6,3,2.5,7
185000,2010,21,1034,4,1,1,8
162500,2010,21,1191,5,2,2,8
289000,2010,51,1801,6,1,2,7
125500,2010,88,1154,7,3,1,4
82000,2010,69,540,4,1,1,2
110000,2010,89,1107,5,2,1,6
68400,2010,90,1128,6,2,1,4
102776,2010,110,1178,7,2,1,4
55993,2010,58,1044,4,2,1,5
50138,2010,114,952,5,3,1,4
246000,2010,6,1646,5,2,2,8
254900,2010,12,1916,8,3,2.5,8
190000,2010,33,1285,6,3,2,6
201000,2010,7,1560,7,3,2,7
169900,2010,34,1034,6,3,1,6
170000,2010,34,2048,9,5,3,6
160000,2010,62,1687,7,3,1,5
220000,2010,2,1346,6,3,2,7
179781,2010,1,1214,6,2,2,7
174000,2010,4,1444,7,3,2.5,5
269500,2010,1,1968,8,4,2.5,8
214900,2010,8,1894,8,4,2.5,7
202900,2010,8,1908,9,4,2.5,8
378500,2010,2,2018,10,3,2,9
169000,2010,45,1264,7,2,1,5
173500,2010,6,1430,7,3,2,5
139000,2010,39,1824,8,4,3,6
166500,2010,11,1344,7,3,2,5
83500,2010,37,1092,6,3,1.5,4
119500,2010,37,945,5,2,1,5
85000,2010,34,1112,4,3,1.5,5
76000,2010,40,1092,5,3,1.5,4
75500,2010,38,630,3,1,1,4
88250,2010,40,1092,5,3,1.5,4
85500,2010,38,1092,5,3,1.5,4
130000,2010,39,874,5,3,1,5
157900,2010,48,1188,6,3,1,5
149900,2010,26,833,5,2,1,5
159000,2010,25,2432,10,4,5,5
136000,2010,19,1274,6,3,1.5,5
161000,2010,41,1479,8,5,2,5
285000,2010,16,1803,6,3,2.5,8
231000,2010,17,1797,7,3,2.5,6
124500,2009,53,882,5,2,1,6
157000,2009,35,1434,7,4,2,6
345000,2009,37,2704,9,4,2.5,8
189500,2009,12,1608,7,3,2.5,6
270000,2009,6,2283,9,4,2.5,8
189000,2009,13,1628,7,3,2.5,7
377500,2009,3,1746,7,3,2,9
168500,2009,14,1474,7,3,2.5,7
375000,2009,5,2522,8,1,2,8
278000,2009,9,1659,5,2,2,8
240000,2009,11,1478,5,2,2,8
239500,2009,14,1734,6,2,2,8
177500,2009,11,1382,7,3,2.5,7
185000,2009,11,1718,7,3,2.5,7
191000,2009,11,1636,7,3,2.5,6
178000,2009,16,1571,7,3,2.5,6
185000,2009,16,1470,6,3,2.5,6
181316,2009,15,1516,7,3,2.5,6
166000,2009,16,1190,6,3,2,6
178000,2009,17,1593,7,3,2.5,6
174000,2009,15,1481,6,3,2.5,6
173000,2009,17,1167,6,3,2,6
225000,2009,10,1983,9,3,2.5,7
180500,2009,19,1442,5,3,2,7
187500,2009,25,1360,4,1,1,8
501837,2009,1,2234,9,1,2,9
372500,2009,1,2046,7,3,2.5,8
260000,2009,4,1530,7,3,2,7
185000,2009,32,1934,6,3,2.5,5
260000,2009,29,2353,10,4,2.5,7
181000,2009,30,1586,7,3,2,6
82500,2009,32,1411,6,3,2,7
215000,2009,32,1602,8,3,2,6
154000,2009,31,2050,8,4,2.5,7
200000,2009,31,1671,7,3,2,6
249000,2009,29,2673,9,4,2.5,7
187500,2009,29,1472,6,3,2,7
184000,2009,31,1707,7,3,2,6
278000,2009,28,2524,9,4,2.5,8
157000,2009,31,1601,7,3,2,7
152000,2009,33,1370,6,3,2,7
197500,2009,33,1868,9,4,2.5,5
240900,2009,6,1884,7,3,2.5,7
263435,2009,0,1935,8,3,2.5,8
220000,2009,9,1874,7,3,2.5,8
235000,2009,7,1811,7,3,2.5,8
213000,2009,34,1621,7,3,2,5
167900,2009,35,1116,6,3,2,6
158000,2009,34,1193,5,3,2,7
165000,2009,35,1350,7,3,2,6
158000,2009,37,2119,7,3,2.5,6
136000,2009,35,1792,8,4,3,5
148500,2009,39,1002,5,3,1,5
156000,2009,40,1026,5,3,1,6
128000,2009,39,1180,6,2,1.5,5
143000,2009,38,1050,6,3,1.5,5
76500,2009,39,864,5,3,1,4
120500,2009,39,864,5,3,1,4
124500,2009,39,864,5,3,1,4
97000,2009,38,864,4,2,1,4
130000,2009,38,864,5,3,1,4
111000,2009,36,987,5,2,1.5,6
125000,2009,39,1365,7,3,1.5,5
112000,2009,38,1302,6,3,2.5,5
97000,2009,37,987,5,2,1.5,6
118000,2009,37,987,5,2,1.5,6
119500,2009,37,1302,6,3,2.5,5
143750,2009,33,958,5,2,2,6
146000,2009,33,1548,7,3,2.5,6
148500,2009,33,1456,7,3,2.5,6
123000,2009,34,1055,4,2,2,7
147000,2009,35,1322,6,3,2.5,6
137900,2009,32,1456,6,3,2.5,6
147000,2009,31,1548,7,3,2.5,6
148500,2009,31,1441,7,3,2.5,6
138000,2009,31,1456,6,3,2.5,6
128500,2009,33,836,5,2,1,7
100000,2009,42,892,5,3,1,5
148800,2009,43,1120,5,3,1,5
337500,2009,3,1718,7,3,2,10
462000,2009,2,2772,10,4,3.5,9
485000,2009,1,3140,11,4,3.5,9
555000,2009,1,2402,10,2,2,10
325000,2009,3,1652,6,2,2,9
256300,2009,2,1600,7,3,2,8
253293,2009,1,2042,8,3,2.5,8
398800,2009,0,2690,8,3,2.5,9
335000,2009,1,2184,10,3,2.5,9
404000,2009,1,2020,7,3,2,9
402861,2009,0,2020,9,3,2.5,10
451950,2009,1,2296,10,3,2.5,10
610000,2009,2,2674,8,2,2.5,10
582933,2009,1,2822,12,4,3.5,9
360000,2009,1,1736,7,3,2,9
296000,2009,5,1782,7,3,2,8
409900,2009,2,2520,10,5,2.5,8
255500,2009,3,1717,7,3,2,8
335000,2009,1,1743,8,3,2,9
274900,2009,5,1713,7,3,2,8
300000,2009,3,1531,6,2,2,9
324000,2009,1,1808,7,3,2,9
350000,2009,5,2224,10,4,2.5,9
280000,2009,5,1836,7,3,2,8
284000,2009,6,1629,7,3,2,8
269500,2009,6,1760,8,3,2,7
233170,2009,0,1502,7,3,2,7
386250,2009,6,2392,8,3,2,10
445000,2009,6,2452,10,3,2,9
290000,2009,6,2400,10,4,3.5,8
255900,2009,3,1606,6,3,2,8
213000,2009,4,1358,6,2,2,6
196000,2009,4,1306,5,1,2,6
184500,2009,4,1306,5,1,2,6
212500,2009,2,1358,6,2,2,7
230000,2009,2,1314,6,2,2,7
552000,2009,5,2492,8,2,2.5,10
382500,2009,6,2200,8,3,2.5,8
320000,2009,1,1884,6,2,2,9
248500,2009,1,1456,6,2,2,9
286500,2009,7,1712,8,3,2,8
254000,2009,3,1324,6,2,2,8
173000,2009,6,1405,6,2,2,7
173000,2009,6,1626,6,2,2,7
184000,2009,4,1456,8,3,2.5,7
167800,2009,4,1490,7,3,2.5,6
174000,2009,4,1484,8,3,2.5,6
174000,2009,4,1560,6,3,2.5,6
174000,2009,2,1555,7,2,2,7
175900,2009,2,1569,7,1,2,7
192500,2009,4,1555,7,2,2,7
181000,2009,4,1504,7,1,2,7
180000,2009,4,1220,5,2,2,7
160200,2009,4,1145,5,2,2,7
188500,2009,5,1432,6,3,2.5,7
200000,2009,7,2267,8,4,2.5,6
170000,2009,5,1374,6,3,2.5,7
189500,2009,5,1630,7,3,2.5,7
184100,2009,7,1419,7,3,2.5,8
195500,2009,5,1594,7,3,2.5,7
192000,2009,6,1489,8,3,2.5,7
178000,2009,6,1342,7,3,2.5,7
207500,2009,2,1314,6,2,2,7
236000,2009,9,2256,8,4,2.5,7
257500,2009,7,2004,8,4,2.5,8
244000,2009,9,2054,7,3,2.5,6
167000,2009,5,1374,7,3,2.5,7
179000,2009,9,1800,7,3,2.5,6
190000,2009,9,1514,7,3,2.5,6
156000,2009,10,1430,7,3,2.5,7
245000,2009,10,2312,8,4,2.5,7
181000,2009,10,1675,7,3,2.5,6
214000,2009,10,2060,8,3,2.5,7
168000,2009,10,1430,7,3,2.5,7
337000,2009,10,2365,8,3,2.5,8
403000,2009,14,2794,9,4,2.5,8
327000,2009,9,2687,10,4,2.5,8
340000,2009,11,2450,7,3,2.5,8
336000,2009,11,2612,8,4,2.5,8
265000,2009,13,2344,7,3,2.5,7
315000,2009,15,2063,7,3,2,8
260000,2009,16,2646,9,4,2.5,7
260000,2009,14,2061,7,3,2.5,7
263550,2009,16,2232,8,3,2.5,8
402000,2009,15,2448,8,4,2.5,8
248000,2009,15,1850,7,3,2.5,7
244600,2009,1,1468,6,3,2,8
275000,2009,1,1696,7,3,2,8
257500,2009,1,1658,7,3,2.5,8
287090,2009,1,1578,7,3,2,8
275500,2009,2,1702,7,3,2,8
245000,2009,3,1432,7,3,2,8
253000,2009,4,1971,8,3,2.5,7
468000,2009,4,2490,9,2,2,9
252678,2009,0,1852,7,3,2.5,7
210000,2009,1,1590,6,3,2.5,8
208300,2009,0,1218,4,2,2,6
225000,2009,1,1436,6,3,2,7
229456,2009,0,1314,6,3,2,8
229800,2009,1,1402,7,3,2,7
250000,2009,2,1530,7,3,2,9
370878,2009,0,1766,7,2,2.5,9
238500,2009,3,1448,6,2,2,8
310000,2009,1,2007,10,3,2.5,10
270000,2009,3,1795,8,3,2.5,8
252000,2009,4,1953,9,3,2.5,8
241000,2009,3,1550,7,2,2,7
264500,2009,1,1836,8,3,2,8
291000,2009,3,1662,8,3,2,7
263000,2009,6,2094,8,4,2.5,7
185000,2009,5,1221,6,2,2,7
234500,2009,6,1553,6,3,2,7
209000,2009,6,1653,6,3,2.5,7
159000,2009,2,1218,6,3,1.5,7
152000,2009,3,1141,6,3,1.5,7
143500,2009,5,1158,5,3,1.5,6
193000,2009,5,1812,8,3,2.5,7
203000,2009,5,1512,6,3,2,8
184900,2009,6,1200,5,2,2,7
159000,2009,5,1114,6,3,1.5,7
142000,2009,5,1114,6,3,1.5,5
153000,2009,6,1114,6,3,2,5
224243,2009,1,1450,6,2,2,7
220000,2009,13,2122,8,4,2.5,7
257000,2009,4,1844,7,2,2,8
189000,2009,8,1434,6,3,2,7
171500,2009,17,1730,6,3,2.5,6
120000,2009,29,1217,6,3,1.5,6
145000,2009,19,1332,5,2,2,6
184000,2009,15,1540,6,3,2.5,7
162000,2009,23,1400,6,3,2.5,6
160000,2009,28,1882,8,4,2,6
82000,2009,59,841,4,2,1,4
76000,2009,81,784,5,2,1,6
110000,2009,47,980,5,3,1,5
135000,2009,32,980,6,3,1,5
141000,2009,48,864,5,3,1,5
122000,2009,48,864,5,2,1,5
124100,2009,44,1020,5,3,2,5
129000,2009,46,912,6,3,1,5
131400,2009,48,1144,6,3,1,5
62383,2009,44,864,5,3,1,5
123000,2009,47,912,6,3,1,5
275000,2009,29,2014,6,2,2,8
235000,2009,18,1755,7,3,2.5,7
280750,2009,5,3005,9,3,2.5,7
164500,2009,0,1224,4,2,2.5,6
173733,2009,0,1224,4,2,2.5,6
222000,2009,1,1726,6,2,2.5,6
195000,2009,1,1256,5,1,1.5,6
172500,2009,10,1471,6,3,2.5,6
180000,2009,9,1512,4,2,2.5,6
156000,2009,10,1452,6,3,2.5,7
172500,2009,10,1739,7,3,2.5,8
318750,2009,32,1694,5,2,2,8
211500,2009,28,1226,4,1,1,8
241600,2009,28,1740,7,2,1.5,7
180500,2009,33,2499,5,4,2.5,8
150000,2009,33,1620,8,3,2,4
154000,2009,41,1556,8,4,1.5,6
185000,2009,39,1442,6,2,2,6
185750,2009,41,1489,7,3,2,6
200000,2009,36,2090,7,3,2.5,7
206000,2009,35,2067,7,3,2.5,7
162000,2009,37,1395,6,3,1.5,6
256900,2009,42,2640,8,5,2.5,6
197900,2009,42,1724,7,3,1.5,6
163000,2009,40,1336,6,3,2,5
113000,2009,40,1216,5,3,1,6
230000,2009,32,2288,8,4,2,7
167900,2009,32,1334,6,2,2,6
213250,2009,11,1680,7,3,2,7
227000,2009,8,1665,6,3,2.5,8
130000,2009,42,864,5,2,1,5
143000,2009,42,1568,7,3,1.5,5
117500,2009,44,925,5,2,1,5
168500,2009,35,2061,8,4,2.5,7
172500,2009,38,1320,5,3,2,6
161500,2009,42,1342,7,3,2,6
141500,2009,49,894,5,2,1,4
118000,2009,50,864,5,3,1,5
127500,2009,50,864,5,2,1,6
140000,2009,52,1362,6,3,1,4
177625,2009,53,1728,7,3,2,5
110000,2009,51,1776,9,4,2,5
167000,2009,45,1516,6,3,1.5,6
153000,2009,48,1313,6,3,1.5,5
145100,2009,45,1292,6,3,1.5,5
154000,2009,43,1154,6,3,1.5,5
177500,2009,44,2140,7,4,2.5,5
158000,2009,45,1445,7,3,1.5,6
124500,2009,50,1041,6,3,1,5
174500,2009,48,1576,7,4,1,6
122000,2009,54,960,5,2,1,5
82500,2009,69,708,5,2,1,4
110000,2009,59,1203,5,3,1,5
149500,2009,56,1505,6,2,1,6
175000,2009,42,1691,5,2,1,6
167000,2009,56,1644,7,3,1,6
128900,2009,53,1050,5,2,1,5
140000,2009,59,1668,6,3,1.5,6
147000,2009,59,1113,5,3,1,5
124000,2009,42,1584,8,4,2,5
187500,2009,48,1453,6,3,2,6
159000,2009,46,1394,6,3,1.5,6
256000,2009,43,1567,5,2,2,6
205000,2009,44,1986,7,3,2.5,7
193500,2009,41,2142,8,4,2.5,6
110000,2009,41,1392,5,2,1,6
104900,2009,89,1738,7,4,2,4
150000,2009,53,1144,6,3,1,5
156500,2009,52,1478,6,3,1.5,6
176000,2009,49,1329,5,3,1.5,7
149500,2009,50,988,6,3,2,6
139000,2009,51,1632,6,3,2,6
155000,2009,51,1215,6,3,1,6
120000,2009,53,1202,6,3,1,5
153000,2009,54,1382,6,3,1,5
144000,2009,53,1200,6,3,1,4
176000,2009,47,1382,6,3,1,6
153000,2009,55,1297,5,3,1,5
135000,2009,51,1866,8,4,2,5
131000,2009,55,1062,6,3,1,6
123000,2009,56,1319,5,3,1,5
126000,2009,58,1112,5,2,1,5
115000,2009,54,1005,5,2,1,4
164900,2009,58,1363,6,2,1,5
113000,2009,64,793,4,2,1,5
145500,2009,57,1031,5,2,1,5
102900,2009,56,1210,7,2,1.5,5
95000,2009,109,1699,7,3,2,3
152500,2009,61,1527,6,3,1.5,7
129900,2009,59,1200,6,3,1,5
132000,2009,61,972,5,2,1,6
99900,2009,51,792,4,2,1,3
135000,2009,93,1656,8,3,2.5,5
149000,2009,70,1352,7,4,2,5
114000,2009,109,1039,6,2,1,4
109500,2009,85,792,5,2,1,5
125000,2009,84,1078,6,3,1,5
142900,2009,94,2377,8,3,2,4
156500,2009,99,1690,5,4,2,7
59000,2009,69,599,4,2,1,2
105000,2009,89,1374,6,2,1,4
106000,2009,89,846,4,2,1,5
78500,2009,119,725,4,1,1.5,3
190000,2009,40,2544,12,6,3,6
154000,2009,46,1380,6,3,1.5,6
163000,2009,42,1040,6,3,1,6
200000,2009,40,2634,12,6,3,5
143500,2009,51,951,6,2,1,6
135000,2009,52,1105,5,3,1,6
153000,2009,52,1306,5,2,1,5
157500,2009,49,1478,6,3,2,6
113500,2009,51,1142,5,2,1,6
133000,2009,60,1268,6,3,1,5
92900,2009,59,1040,6,2,2,3
128500,2009,59,1133,5,3,1,6
90000,2009,60,1040,6,2,2,4
138000,2009,59,1904,7,3,1.5,5
128000,2009,51,1041,6,3,1,5
139000,2009,51,1339,6,3,1,5
118900,2009,57,732,4,2,1,5
138000,2009,50,1183,6,3,1,5
132500,2009,50,1148,6,3,1,5
133500,2009,60,1461,6,4,2,4
135000,2009,61,1495,6,3,1,6
144750,2009,45,1806,8,4,1.5,6
145000,2009,31,941,4,2,1,5
127000,2009,46,1045,6,3,1,6
109500,2009,47,894,5,2,1,5
115000,2009,83,1224,5,3,1,6
110000,2009,99,1230,5,2,1.5,5
128900,2009,74,1378,6,3,1,6
103500,2009,99,1944,12,4,2,6
66500,2009,68,1131,5,3,1.5,5
130000,2009,99,1306,6,3,1.5,5
129000,2009,99,1464,7,3,2,5
150000,2009,70,1558,7,3,1.5,5
107500,2009,117,2372,11,4,2,5
94550,2009,89,1701,8,4,2,4
124500,2009,57,1960,10,4,2,5
135000,2009,63,1389,6,3,1.5,7
103000,2009,99,1447,6,3,1,5
93000,2009,56,936,4,2,1,4
129500,2009,59,1328,6,3,1.5,5
93000,2009,55,1387,7,3,2,5
80000,2009,89,861,5,2,1,4
45000,2009,69,612,4,1,1,2
37900,2009,99,968,6,2,1,3
91300,2009,71,886,4,2,1,5
99500,2009,86,792,5,2,1,5
113000,2009,89,1452,8,2,2,4
87500,2009,99,1510,7,3,2,4
110000,2009,62,1284,5,2,1.5,5
106000,2009,111,2138,11,2,2,5
265979,2009,129,2640,8,4,1.5,7
160000,2009,109,2007,8,3,2,6
119000,2009,92,1288,5,3,1,6
168000,2009,127,1742,8,4,1.5,8
58500,2009,99,816,5,2,1,4
143000,2009,89,1482,7,3,1,7
85000,2009,99,1022,4,2,1,5
124900,2009,119,1869,7,2,1,5
119000,2009,89,1480,6,3,1,6
146500,2009,99,1521,8,4,1,6
34900,2009,89,720,4,2,1,4
44000,2009,109,797,5,2,1,3
223500,2009,86,1576,6,3,1.5,5
149000,2009,86,1432,6,3,1,6
205000,2009,84,1548,5,3,2.5,7
137000,2009,79,1654,7,3,2,5
121000,2009,93,952,4,2,1,6
128000,2009,73,1324,6,3,1,4
134900,2009,72,1176,4,2,1,6
117000,2009,84,1348,5,3,1,5
132500,2009,70,1412,6,4,1,6
93000,2009,85,1142,6,3,1,5
119000,2009,83,904,4,2,1,6
100000,2009,85,1301,5,2,1,5
141500,2009,73,1539,5,3,1.5,5
133000,2009,74,1573,6,3,1,4
60000,2009,73,800,4,1,1,2
105000,2009,78,875,5,2,1,5
115000,2009,84,995,5,2,1,5
150000,2009,71,1582,6,3,2,5
126500,2009,84,1072,5,2,1,5
214500,2009,93,2134,10,5,2,6
167500,2009,99,2019,8,3,1,7
155000,2009,94,1768,8,3,2,6
155000,2009,94,1826,7,4,1.5,7
179900,2009,94,1944,8,3,2,7
104000,2009,97,2229,8,5,1,6
62500,2009,87,2128,11,4,2,5
149000,2009,82,1930,8,4,2,6
103000,2009,84,1208,5,2,1,4
123000,2009,94,1427,7,3,1,6
97500,2009,107,1864,9,6,2.5,7
135000,2009,82,1666,4,3,1,6
70000,2009,86,892,5,1,1,4
116000,2009,94,1403,7,3,1.5,6
88750,2009,63,704,4,2,1,4
179000,2009,22,1200,5,3,3,5
179000,2009,22,1200,5,3,3,5
159900,2009,31,1152,6,2,2,5
61000,2009,87,904,4,1,0.5,1
103600,2009,84,1369,6,3,2,6
63000,2009,75,1112,6,4,2,5
175000,2009,46,1464,6,3,2,5
139000,2009,46,1121,5,3,1,5
172500,2009,31,1683,7,3,2.5,6
113500,2009,42,1052,6,3,1.5,5
130000,2009,42,899,5,3,1,5
149900,2009,31,1034,5,3,1,6
134900,2009,27,858,5,2,1,5
137000,2009,27,860,4,2,1,5
139000,2009,47,1092,6,3,1,5
165000,2009,48,1774,8,4,2,5
148000,2009,49,1138,6,3,1,6
165000,2009,53,2071,9,4,1.5,5
63900,2009,62,660,5,2,1,2
161500,2009,52,1788,8,5,1,4
143000,2009,41,1473,5,1,1,5
135000,2009,53,1229,6,3,1,4
82500,2009,69,861,4,1,1,4
190000,2009,54,1867,7,2,1,5
139600,2009,54,1733,8,4,2,3
122000,2009,55,1383,6,2,1,4
127500,2009,53,1689,7,3,1,6
121500,2009,53,1073,5,2,1,5
60000,2009,51,1276,5,3,1,5
154400,2009,63,1639,6,3,1.5,6
113000,2009,68,672,4,2,1,4
125000,2009,55,1089,5,3,1,5
84000,2009,52,845,5,3,1,4
139500,2009,25,1049,5,2,2,5
131000,2009,60,1716,8,3,1.5,5
105000,2009,70,1258,6,2,1,6
108000,2009,69,1510,7,4,1,4
162000,2009,19,1061,4,1,1.5,7
156500,2009,26,1338,5,2,1.5,6
316600,2009,26,2132,5,1,1.5,8
271900,2009,19,2196,7,3,2,7
213000,2009,16,1775,7,3,2.5,7
239900,2009,16,1879,8,3,2.5,7
239500,2009,14,2020,8,3,2.5,8
131000,2009,129,2016,7,4,1,5
118964,2009,30,1535,8,4,2,5
153337,2009,30,1224,6,2,1,5
147983,2009,30,2228,8,6,2,5
118858,2009,30,1535,8,4,2,5
118858,2009,30,1535,8,4,2,5
142953,2009,30,2240,12,6,2,5
148325,2009,30,1229,6,2,1,5
113722,2009,30,1513,8,4,2,5
269500,2009,9,2787,8,6,5,7
269500,2009,9,2787,8,6,5,7
269500,2009,9,2787,8,6,5,7
323262,2009,0,1680,8,1,1.5,9
297000,2009,2,1718,7,3,2,8
295493,2009,1,1630,8,3,2,8
332000,2009,1,1720,8,3,2,9
239900,2009,1,1468,6,3,2,8
212000,2009,2,1768,7,3,2.5,8
272500,2009,2,1838,7,3,2,8
239000,2009,2,1800,7,2,2,9
220000,2009,3,1604,8,3,2.5,7
200000,2009,2,1290,6,2,2,7
221800,2009,1,1254,5,2,2,8
194500,2009,2,1232,6,2,2,7
237000,2009,4,1498,7,3,2,8
173000,2009,4,1422,7,3,2.5,6
275000,2009,20,1644,5,2,2,7
233500,2009,17,1759,7,3,2.5,7
185000,2009,42,2126,7,3,2.5,5
152000,2009,13,1040,6,3,1,5
143000,2009,15,990,5,3,1,5
231500,2009,12,1764,7,3,2.5,6
212000,2009,13,1661,6,3,2.5,7
207000,2009,11,1463,5,3,2,7
145000,2009,15,1097,6,3,1.5,5
138000,2009,15,990,5,3,1,5
197900,2009,11,1779,6,3,2.5,7
204000,2009,10,1501,6,3,2,7
192000,2009,10,1431,6,3,2,7
200000,2009,11,1772,7,3,2.5,6
195000,2009,7,1660,7,3,2.5,7
227000,2009,7,1573,6,3,2,7
230000,2009,8,1840,6,3,2.5,7
187100,2009,8,1430,6,3,2,7
203000,2009,7,1444,6,3,2,7
201000,2009,8,1492,6,3,2,7
124000,2009,31,1040,5,3,2,5
140000,2009,31,907,5,3,1,5
134900,2009,30,914,5,2,1,5
150500,2009,32,1040,5,3,2,5
136500,2009,31,864,6,3,1,5
143500,2009,32,1268,5,3,1.5,5
133500,2009,37,864,5,3,1,5
123000,2009,37,894,6,2,1,5
133900,2009,37,768,5,2,1,5
133000,2009,37,768,5,2,1,5
250000,2009,7,1611,6,3,2,7
254750,2009,6,2184,8,4,2.5,8
236500,2009,8,1788,7,3,2,8
261500,2009,8,1872,7,3,2.5,8
313000,2009,9,2153,8,3,2.5,9
198500,2009,7,1725,6,3,2.5,7
211000,2009,8,1870,6,3,2.5,7
220000,2009,10,1513,5,2,2,8
203000,2009,13,1504,6,3,2,7
279500,2009,7,1828,7,3,2,8
210000,2009,12,1417,7,3,2,7
219500,2009,12,2034,8,3,2.5,7
191000,2009,13,1716,7,2,2.5,7
178000,2009,8,1212,6,3,2,7
213000,2009,9,1630,6,3,2,7
144000,2009,6,848,4,1,1,6
140000,2009,6,848,4,1,1,6
293200,2009,2,1602,7,3,2,8
190000,2009,5,1728,7,3,2.5,7
190000,2009,5,1500,6,3,2,7
173500,2009,4,1476,7,3,2.5,6
170000,2009,2,1396,6,3,2.5,6
108000,2009,60,1126,5,2,2,4
167000,2009,45,1486,7,3,1,5
100000,2009,71,816,3,2,1,4
198500,2009,6,1922,7,4,3,7
159500,2009,32,1426,6,3,1.5,6
127000,2009,49,1149,7,3,1,4
125000,2009,33,1125,6,3,1,6
320000,2009,2,1698,8,3,2,9
145500,2009,4,1072,5,2,1,6
118000,2009,62,698,4,2,1,5
85000,2009,50,876,5,3,1,4
120000,2009,59,1368,6,3,1,5
98000,2009,64,1529,9,4,2,4
99900,2009,87,864,4,2,1,5
82000,2009,57,944,4,2,1,3
119900,2009,50,1678,10,6,2,5
103500,2009,53,1560,7,2,1,5
112000,2009,53,960,5,3,1,4
110000,2009,89,1196,7,3,1,6
122000,2009,68,1298,6,3,1,5
117000,2009,68,1604,6,3,2,5
160000,2009,71,1268,7,3,1.5,5
159434,2009,77,1520,6,3,1,5
60000,2009,89,438,3,1,1,2
139500,2009,69,1489,7,3,2,6
197000,2009,89,3082,12,5,2.5,7
105000,2009,74,1242,6,3,1.5,6
135000,2009,81,1981,7,4,2,4
147500,2009,93,1232,6,3,1,6
137450,2009,84,1608,7,3,2.5,6
155000,2009,73,1135,6,3,1,7
177000,2009,81,1913,9,3,1.5,6
145000,2009,81,1477,6,3,2,7
137000,2009,91,1228,6,3,1,7
234000,2009,83,2080,9,3,1.5,7
205000,2009,69,1567,6,2,1.5,5
177500,2009,67,1494,7,3,1,6
160000,2009,69,1308,7,2,1.5,5
155000,2009,49,1273,5,2,1,5
163500,2009,88,964,5,2,1,5
154900,2009,88,1343,7,3,1.5,5
205000,2009,69,2480,13,5,2.5,7
144800,2009,55,1112,6,2,1,5
174500,2009,68,1564,7,3,1.5,7
193000,2009,49,1561,6,3,2,6
158000,2009,60,1523,7,3,2,5
158500,2009,59,1152,6,3,1,6
224000,2009,55,1906,6,3,1.5,6
115000,2009,29,1032,5,2,1,6
137000,2009,29,1229,5,2,1.5,6
121000,2009,29,1229,5,2,1.5,6
124000,2009,29,1229,5,2,1.5,6
208000,2009,23,1982,6,3,2.5,6
315000,2009,38,2365,7,3,2,7
222000,2009,21,1680,5,3,2,6
147000,2009,89,1344,6,3,1,5
123000,2009,109,2168,11,5,2,5
78000,2009,89,1192,6,3,1,5
85000,2009,94,1526,6,2,1,3
75000,2009,84,572,4,2,1,4
230000,2009,2,1648,5,2,2,8
57625,2009,99,810,4,1,1,2
251000,2009,9,2052,7,3,2.5,8
239686,2009,6,2149,6,1,1.5,7
240000,2009,5,1710,7,3,2,7
215000,2009,8,1961,7,3,2.5,6
156450,2009,32,926,5,2,1,6
173000,2009,32,1287,5,2,1.5,6
126000,2009,32,1734,8,4,2,5
173000,2009,19,1217,6,3,2,7
152000,2009,18,1595,5,2,2,5
137500,2009,51,1344,7,3,1,6
375000,2009,44,2036,8,3,2,7
315500,2009,2,1620,6,2,2,9
224500,2009,0,1692,6,3,2.5,7
410000,2009,1,2036,9,3,2,9
316500,2009,1,1641,7,3,2,9
201000,2009,2,1466,7,3,2,8
175000,2009,21,1412,6,3,2,6
204000,2009,29,2237,7,3,2.5,6
213500,2009,22,1479,7,3,2.5,7
220000,2009,8,1296,6,2,2,8
170000,2009,6,2014,9,3,2.5,7
315000,2009,3,1838,8,2,2,9
425000,2009,2,1978,7,2,2,9
139500,2009,41,1008,6,3,1,5
115000,2009,49,1771,9,3,1,5
162000,2009,11,1204,5,2,2,6
165000,2009,10,1224,5,2,2,6
91000,2009,36,988,5,2,1,4
130000,2009,41,874,5,3,1,5
86000,2009,39,630,3,1,1,4
160000,2009,40,1404,7,3,2,5
80000,2009,39,630,3,1,1,4
97000,2009,39,1344,6,3,1.5,4
88000,2009,39,1092,6,3,1.5,4
131900,2009,37,796,4,2,1,5
131250,2009,16,1091,5,2,1,6
165500,2009,31,1110,4,1,1,5
112000,2009,24,833,5,3,1,5
149000,2009,17,883,5,2,1,5
143000,2009,16,1362,5,1,1.5,5
130000,2009,17,1287,6,3,1.5,5
196000,2009,32,1567,5,2,2,6
173000,2009,40,1632,7,4,1.5,5
176500,2008,50,1414,6,3,1,6
237500,2008,38,2117,7,4,2.5,6
206900,2008,39,2112,9,4,2.5,6
187500,2008,11,1604,7,3,2.5,6
165000,2008,13,1470,7,3,2.5,6
195500,2008,10,1604,7,3,2.5,6
192000,2008,10,1638,7,3,2.5,6
173000,2008,12,1636,7,3,2.5,6
177900,2008,12,1384,7,3,2,5
175000,2008,12,1446,6,3,2.5,7
286000,2008,7,1593,5,0,1.5,8
247900,2008,11,1682,6,1,1.5,8
180000,2008,15,1337,5,2,2,8
180000,2008,16,1280,5,2,2,8
181000,2008,11,1604,7,3,2.5,6
183000,2008,10,1633,7,3,2.5,6
188000,2008,13,1658,8,3,2.5,6
194500,2008,14,1895,7,3,2.5,7
185000,2008,17,1709,7,3,2.5,6
189000,2008,20,1228,5,2,2,8
188500,2008,19,1337,5,2,2,8
355000,2008,3,2500,9,5,3.5,8
325000,2008,3,2504,11,4,2.5,9
387000,2008,4,1884,7,2,2,9
115000,2008,56,1474,7,3,1,6
334000,2008,1,1710,6,2,2,9
133000,2008,58,1488,6,3,2.5,6
215000,2008,22,2093,7,3,2.5,7
226500,2008,20,1688,6,2,2,7
175500,2008,27,1422,7,3,2,6
181900,2008,25,1260,6,3,2,7
235000,2008,30,2064,7,3,2,7
220000,2008,29,1782,6,3,2,7
272000,2008,31,2872,11,4,2.5,6
161000,2008,32,1211,6,3,2,6
175000,2008,31,1126,6,3,2,5
185000,2008,28,2044,7,3,2.5,7
146900,2008,39,1308,7,3,1.5,5
292500,2008,30,2840,8,4,2.5,7
180000,2008,32,1523,7,3,2,6
159900,2008,32,1444,5,2,2,6
205000,2008,32,1964,8,4,2.5,7
157000,2008,35,1178,5,3,1.5,5
306000,2008,12,2340,9,4,2.5,8
133000,2008,34,1792,8,4,3,5
151000,2008,39,1054,6,3,1.5,6
111900,2008,39,936,4,2,1,4
123000,2008,37,864,5,3,1,5
111250,2008,36,864,5,3,1,4
181000,2008,10,1337,5,2,2,6
103400,2008,35,987,5,2,1.5,6
100000,2008,35,987,5,2,1.5,6
100500,2008,36,987,5,2,1.5,6
106000,2008,38,987,5,2,1.5,6
85400,2008,37,987,4,2,1.5,6
89500,2008,37,987,5,2,1.5,6
111750,2008,36,1302,6,3,2.5,5
140000,2008,31,1069,4,2,2,6
143000,2008,33,1456,7,4,2.5,6
148500,2008,31,1055,4,2,2,7
110000,2008,42,892,5,3,1,5
394617,2008,0,1932,7,2,2,8
426000,2008,1,2332,9,3,2.5,10
385000,2008,1,2084,7,2,2,10
446261,2008,0,2713,11,3,2.5,9
317500,2008,1,1582,7,3,2,8
372402,2008,1,1710,6,2,2,8
417500,2008,1,2464,9,4,2.5,8
383000,2008,1,1950,7,2,2,9
390000,2008,2,2748,9,4,2.5,9
460000,2008,3,2790,10,4,2.5,10
379000,2008,3,2331,9,3,2.5,9
250000,2008,1,2088,10,4,2.5,8
316000,2008,4,2332,9,4,2.5,8
615000,2008,5,2470,7,1,1.5,10
412500,2008,5,2668,10,3,2.5,9
284000,2008,5,2046,8,3,2.5,7
284000,2008,5,1575,7,2,2,8
421250,2008,7,2649,10,4,2.5,8
370000,2008,5,2690,9,4,2.5,8
336860,2008,0,1866,7,2,2,9
367294,2008,0,1702,7,1,1.5,9
192000,2008,3,1367,6,2,2,7
274000,2008,5,1518,6,1,1.5,8
266000,2008,3,1684,6,2,2,9
370967,2008,1,1800,6,2,2,9
234250,2008,2,1342,6,2,2,8
219500,2008,2,1342,6,2,2,8
155000,2008,5,1626,6,2,2.5,7
154000,2008,5,1626,6,2,2.5,7
207000,2008,4,1358,6,2,2,7
195000,2008,5,1455,6,2,2,7
219990,2008,4,1576,7,2,2,7
191000,2008,3,1504,7,2,2,7
159895,2008,1,1266,6,2,2,7
187687,2008,1,1246,5,2,2,7
179000,2008,4,1515,8,3,2.5,6
193000,2008,4,1593,8,3,2.5,6
190000,2008,3,1166,5,2,2,7
176000,2008,3,1456,8,3,2.5,6
188000,2008,6,1720,7,3,2.5,7
213000,2008,5,1986,9,4,2.5,7
217300,2008,1,1358,6,2,2,7
186500,2008,8,1792,8,3,2.5,6
226750,2008,8,1892,8,3,2.5,7
184000,2008,4,1490,8,3,2.5,7
176000,2008,6,1414,6,3,2.5,7
225000,2008,9,2322,8,4,2.5,7
185900,2008,9,1651,7,3,2.5,7
284500,2008,11,2199,9,3,2.5,8
315000,2008,10,2630,8,4,2.5,8
250000,2008,8,2198,9,4,2.5,8
291000,2008,8,2172,8,4,2.5,9
350000,2008,10,2006,5,2,2,8
279500,2008,12,2125,12,4,2.5,7
290000,2008,13,2501,9,4,2.5,8
350000,2008,13,2113,7,2,2.5,8
341000,2008,15,2418,9,3,2.5,7
287500,2008,15,2197,9,4,2.5,7
271000,2008,14,2127,5,3,2.5,7
301500,2008,14,1987,7,2,2,8
235128,2008,1,1580,7,3,2,8
214000,2008,1,1933,9,4,2.5,6
232000,2008,2,1574,7,3,2,8
240000,2008,2,1578,7,3,2,7
264132,2008,0,1506,6,2,2,9
245000,2008,1,1563,6,3,2,8
227680,2008,0,1428,6,3,2,7
257000,2008,1,1861,7,3,3,8
297900,2008,1,1874,8,3,2.5,8
247000,2008,2,1460,6,3,2,8
212700,2008,1,1372,6,3,2,8
250580,2008,1,1372,6,3,2,7
182000,2008,1,1428,6,3,2,7
226700,2008,3,1768,7,3,2.5,7
250000,2008,5,1992,9,3,2.5,8
250000,2008,3,1958,9,3,2.5,7
339750,2008,1,2078,8,3,2.5,8
205950,2008,1,1665,7,3,2.5,7
256000,2008,1,1660,7,3,2,8
230348,2008,1,1218,6,2,2,7
207500,2008,5,1728,7,3,2.5,6
141000,2008,4,1080,6,3,1,7
188000,2008,5,1696,7,3,2.5,6
192500,2008,5,1663,8,3,2.5,7
146000,2008,3,1175,6,3,1,6
159000,2008,4,1114,6,3,1.5,5
155000,2008,5,1114,6,3,1,6
173000,2008,4,1640,6,3,2.5,6
170000,2008,1,1162,6,3,2,7
182000,2008,13,1609,6,3,2.5,6
163000,2008,15,1680,7,3,2.5,6
193500,2008,14,1679,7,3,2,6
189000,2008,14,1657,6,3,2.5,7
190500,2008,7,1677,7,3,2.5,6
175000,2008,16,1737,7,3,2.5,7
179200,2008,17,1294,6,3,2,6
187000,2008,15,1710,7,3,2.5,6
193000,2008,15,1617,5,2,2,6
153900,2008,15,1199,5,2,2,6
128000,2008,45,984,5,3,1,5
144000,2008,46,912,4,2,1,5
135000,2008,47,864,5,3,1,5
115000,2008,40,890,5,3,1,5
119916,2008,45,864,5,3,1,5
142000,2008,47,912,5,3,1,6
192000,2008,34,1430,6,3,2,6
140000,2008,36,1641,5,4,2,5
290000,2008,18,2683,9,4,2.5,6
372500,2008,15,2786,10,4,2.5,9
196000,2008,4,1391,5,2,2,7
171900,2008,2,1250,5,2,2.5,7
178000,2008,4,1245,5,1,2,7
165000,2008,3,1200,5,2,2.5,6
146000,2008,1,1392,5,2,2,7
146000,2008,1,1392,5,2,2,7
179400,2008,9,1501,6,3,2.5,7
172900,2008,9,1549,6,3,2.5,6
300000,2008,8,1638,5,2,2,9
285000,2008,7,1310,5,1,1.5,9
290000,2008,7,1419,5,2,1.5,9
305000,2008,9,1557,5,2,2,9
328900,2008,9,1709,5,2,2,9
160000,2008,9,1252,4,2,2.5,7
170000,2008,9,1404,5,3,2.5,7
223000,2008,7,1789,7,3,2.5,7
170000,2008,9,1586,7,3,2.5,8
200000,2008,9,1607,7,3,2.5,8
345000,2008,10,2393,7,2,2.5,10
245500,2008,12,1288,4,1,1.5,8
217500,2008,13,1239,4,1,1.5,8
324000,2008,15,1719,6,1,1.5,8
162500,2008,24,1232,6,3,2,6
150000,2008,31,2944,9,3,3,9
290000,2008,32,1671,6,3,3,8
205000,2008,6,1812,7,3,2.5,7
174000,2008,38,1682,7,3,2,7
183000,2008,39,1427,7,4,2,6
150000,2008,40,1740,8,4,1.5,6
145000,2008,37,1258,5,3,2,6
215000,2008,41,1620,8,4,2,7
140500,2008,43,1625,8,4,2,5
240000,2008,34,2614,9,4,2.5,6
141000,2008,40,1464,7,4,1.5,5
147000,2008,43,912,5,2,1,5
135000,2008,43,925,5,3,1,5
145000,2008,43,1728,10,6,2,5
142600,2008,43,1728,10,6,2,5
135000,2008,35,1656,8,4,2,5
170000,2008,37,1670,7,4,1.5,7
299800,2008,32,2715,11,4,3.5,8
185000,2008,34,1876,8,4,2.5,6
173000,2008,42,1632,7,4,1.5,6
178400,2008,47,999,6,3,1,7
176000,2008,40,1978,9,4,2.5,7
98000,2008,52,1014,6,2,1,5
109008,2008,51,907,5,3,1,4
135750,2008,52,952,4,2,1,4
155000,2008,45,1128,6,3,2,5
180500,2008,44,1425,7,3,2,6
174900,2008,42,1165,6,3,1.5,6
140000,2008,43,1136,5,3,1,6
145000,2008,44,1092,6,3,1,6
179900,2008,43,1265,6,3,2,5
168500,2008,44,1350,6,3,1.5,6
140000,2008,47,1114,5,3,1,5
145500,2008,49,1053,5,3,1.5,5
142000,2008,49,1252,7,3,1,6
141000,2008,48,1100,6,3,1,4
153000,2008,48,1118,6,3,1,5
72500,2008,59,720,4,2,1,3
52000,2008,73,729,5,2,1,3
118000,2008,69,1077,5,2,1,5
87000,2008,71,906,5,2,1,4
141500,2008,48,1496,6,3,2,5
119000,2008,58,1252,6,3,1,6
141500,2008,58,1337,7,3,1,5
165500,2008,53,1661,8,3,1,6
112900,2008,55,1036,5,3,1,5
201800,2008,43,1820,8,4,2,7
163000,2008,47,1362,6,3,1.5,6
139950,2008,47,1144,6,3,1,5
174000,2008,46,1537,7,3,1.5,6
165000,2008,46,1431,6,3,1,6
227000,2008,42,1988,9,4,2.5,6
135000,2008,53,1098,6,3,1,5
124000,2008,45,1144,6,3,1.5,5
140000,2008,46,1283,6,3,1,5
136500,2008,51,1176,6,3,1,5
185000,2008,49,1440,7,2,2,5
163000,2008,50,1261,6,3,1,6
166800,2008,50,1570,5,3,1,6
139000,2008,52,1196,6,2,1,6
166000,2008,51,1392,6,3,1.5,6
136000,2008,50,1080,5,3,1,6
133000,2008,52,1104,5,3,1,5
116000,2008,56,882,4,2,1,5
137500,2008,55,1152,6,3,1.5,5
130000,2008,55,950,5,2,1,5
180000,2008,51,1790,6,3,2,6
139000,2008,57,952,4,2,1,5
110000,2008,55,773,4,2,1,5
100000,2008,51,1764,7,4,2.5,5
118500,2008,61,1216,6,2,1,5
146000,2008,51,1824,9,5,2,5
89900,2008,60,869,3,1,1,4
114000,2008,83,1159,5,3,1,5
140000,2008,63,1558,6,3,1.5,5
86900,2008,68,672,4,2,1,4
139000,2008,86,1436,7,3,1,5
106250,2008,108,1294,7,3,2,4
171000,2008,46,1716,8,4,1.5,6
139000,2008,40,1044,5,3,1.5,5
186000,2008,50,1312,6,3,1.5,7
157000,2008,48,1253,5,2,1.5,6
148000,2008,48,1081,5,3,1,6
242000,2008,48,2069,9,4,2,7
116000,2008,55,910,5,3,1,5
94000,2008,57,876,5,2,1,5
98300,2008,58,1048,7,3,1,5
127000,2008,48,1507,7,4,2,5
159000,2008,49,1256,6,3,1.5,5
125900,2008,46,1027,6,3,1,5
155000,2008,48,1269,6,3,1.5,5
138000,2008,60,1320,5,3,2,6
112500,2008,54,984,4,2,1,6
105500,2008,54,832,4,2,1,6
127500,2008,54,1278,6,4,1,6
130000,2008,47,1800,10,6,2,5
150000,2008,53,1588,6,3,1.5,5
109500,2008,54,825,4,2,1,5
140000,2008,45,1796,8,4,1.5,6
167900,2008,44,1611,7,4,1.5,6
136870,2008,45,1117,6,3,1,5
143000,2008,0,1133,7,3,1,6
73000,2008,83,764,4,2,1,5
157500,2008,104,1539,8,3,2,5
122600,2008,60,1323,6,3,1,5
111000,2008,98,1360,6,2,1,5
256000,2008,88,2792,8,5,2,6
64000,2008,68,672,4,2,1,5
139500,2008,93,1456,7,4,1.5,6
118000,2008,98,1594,9,3,2,4
200000,2008,5,2082,6,3,2.5,7
119164,2008,68,1656,8,2,2,4
122250,2008,88,1740,6,2,1,5
120000,2008,88,1027,5,2,1,7
155000,2008,68,1436,8,3,2,6
78000,2008,98,899,5,2,1,5
95000,2008,118,1080,5,3,1,5
115000,2008,60,789,5,2,1,5
147000,2008,60,1122,6,2,1,5
140000,2008,62,1499,5,3,1,5
46500,2008,62,407,3,1,1,2
112500,2008,51,928,5,3,1,5
107900,2008,54,901,4,2,1,4
65000,2008,59,1588,6,5,2,3
295000,2008,128,3493,10,3,3,7
139500,2008,108,1627,10,4,2,5
153900,2008,93,1416,7,4,1.5,5
132000,2008,88,1450,7,3,1,7
98000,2008,92,1344,7,4,1,5
114000,2008,108,1017,5,2,1,5
130000,2008,88,2350,10,4,2,5
129500,2008,91,2058,8,3,1.5,6
129400,2008,103,1540,7,3,1.5,5
161000,2008,80,1378,7,3,2,7
163000,2008,103,1912,7,3,2,6
128000,2008,94,1484,9,3,2,6
122000,2008,136,2358,8,4,2,8
116900,2008,82,1111,5,2,1,7
325000,2008,115,2775,9,3,3.5,10
55000,2008,88,1086,5,2,1,2
184000,2008,118,2495,10,5,2,7
110000,2008,49,984,5,2,1,5
131500,2008,54,1795,7,4,2,5
97000,2008,52,882,4,2,1,5
115500,2008,50,1093,5,2,1,4
138000,2008,80,1143,5,2,1,5
108000,2008,63,1668,8,3,1.5,7
79500,2008,78,935,4,2,1,5
153000,2008,73,1738,6,3,2,5
109500,2008,84,784,5,2,1,5
124000,2008,67,1210,6,3,1,5
106900,2008,108,1290,6,3,1.5,6
164900,2008,68,1672,6,3,1.5,6
119000,2008,84,949,5,2,1,5
120000,2008,79,1158,5,3,1,6
157000,2008,71,1497,5,3,2,6
105000,2008,69,1342,7,2,2,6
113000,2008,82,1013,6,3,1,6
115000,2008,88,1216,6,3,1,5
79000,2008,62,896,4,2,1,4
123000,2008,79,1136,6,2,1,4
81300,2008,63,808,6,1,1,5
162900,2008,78,1573,8,3,2,5
150000,2008,69,2009,7,4,2,7
123500,2008,85,1902,7,4,2,5
129900,2008,77,1774,8,2,2,7
128000,2008,88,1362,6,3,2,6
68500,2008,81,520,4,1,1,4
127000,2008,60,1285,6,2,1,5
207000,2008,85,1848,8,4,1.5,6
184000,2008,83,1820,8,4,2,7
162500,2008,93,1716,8,4,2,6
145000,2008,68,1505,8,3,1,5
130000,2008,90,838,5,2,1,6
160000,2008,98,1984,8,5,2,6
161000,2008,83,1666,7,3,1,8
127500,2008,98,1609,7,3,1,6
93850,2008,78,768,4,1,1,6
136000,2008,56,1536,7,4,1.5,6
141000,2008,70,1969,9,4,2,6
120000,2008,93,1308,6,2,2,5
127500,2008,83,1040,5,2,1,6
127000,2008,83,1236,6,3,2,6
89500,2008,88,1406,6,3,1,6
125000,2008,53,825,4,2,1,5
79900,2008,88,1198,7,4,1,6
85000,2008,96,759,5,1,1,5
82375,2008,93,1344,8,3,2,3
135000,2008,102,1469,7,3,1,6
124000,2008,61,1054,6,3,1,5
134000,2008,40,1211,5,3,1,5
135000,2008,60,1271,7,4,2,5
134432,2008,49,1588,7,4,2,4
127500,2008,68,1355,6,4,2,5
148000,2008,45,1075,6,3,1,5
129500,2008,43,1040,5,3,1,5
157500,2008,30,1096,6,3,1,6
109900,2008,42,904,6,3,1,5
145000,2008,41,992,6,3,1,5
130000,2008,41,894,5,3,1,5
153000,2008,30,1034,6,3,1,6
120000,2008,41,1073,6,3,1,5
152000,2008,24,1126,5,2,1,5
108959,2008,39,1258,6,0,1,4
95541,2008,88,1140,6,3,1,5
80000,2008,49,1006,5,3,1,5
149350,2008,42,1228,6,3,1.5,5
144900,2008,45,960,6,3,1,5
185000,2008,52,1188,4,1,1,6
165000,2008,54,1383,6,3,1,5
235000,2008,48,1252,4,1,1,6
140000,2008,50,1601,6,3,1,5
108000,2008,68,672,4,2,1,5
145000,2008,48,1721,7,3,2,5
152400,2008,67,1350,6,2,1.5,5
144000,2008,38,904,5,3,1,5
173000,2008,12,1291,6,2,1,6
192000,2008,31,2022,8,4,2.5,7
245000,2008,29,1524,7,3,2,7
241500,2008,54,1363,5,2,1,7
256000,2008,54,1663,6,2,1,4
177000,2008,49,1357,5,2,1,6
125600,2008,60,1079,5,2,1,7
155000,2008,55,1094,5,3,1,6
240000,2008,100,2358,10,5,3,6
260000,2008,68,1518,5,2,1,5
185000,2008,90,1674,8,4,2,6
235000,2008,73,2108,7,4,2,6
159900,2008,52,1509,6,3,1,5
99600,2008,33,864,4,2,1,5
134500,2008,46,1269,7,3,1.5,6
119000,2008,108,1367,7,4,1,5
107500,2008,98,1347,5,3,1,5
125000,2008,58,1164,5,3,1,5
79000,2008,84,1096,5,2,1,6
95000,2008,67,1111,5,3,1,5
262280,2008,18,2329,10,4,2.5,7
260000,2008,13,2814,9,4,2.5,6
226500,2008,14,1626,7,3,2.5,7
225000,2008,15,2200,9,4,2.5,7
229000,2008,12,2037,8,3,2.5,7
177439,2008,1,1356,6,3,2.5,7
248500,2008,1,1615,7,3,2,8
475000,2008,0,2276,7,3,2,9
395039,2008,0,1766,8,3,2.5,9
228000,2008,15,2097,9,3,2.5,7
225000,2008,13,1511,6,3,2,8
195000,2008,42,1643,6,2,2,6
200000,2008,11,1688,8,4,2.5,6
155000,2008,14,990,5,3,1,5
144000,2008,13,1099,6,3,1.5,5
145000,2008,14,990,5,3,1,5
226001,2008,11,1418,5,3,2,7
215700,2008,11,1771,6,3,2.5,6
207500,2008,8,1652,6,3,2.5,7
193000,2008,9,1790,7,3,2.5,7
188000,2008,10,1724,8,3,2.5,7
191000,2008,9,1479,6,3,2,7
221000,2008,6,1494,6,3,2,7
231500,2008,7,1792,7,3,2.5,7
235000,2008,8,1823,6,3,2.5,7
223500,2008,7,1786,6,3,2.5,7
130250,2008,33,938,5,3,1,5
149900,2008,31,985,6,3,2,5
158000,2008,30,1174,5,3,1,5
147000,2008,30,1026,5,3,1,6
143195,2008,33,1076,5,3,1.5,5
163000,2008,33,1558,5,2,2,5
110000,2008,33,924,5,3,1,5
127000,2008,36,864,5,3,1,5
124900,2008,36,780,4,2,1,5
230000,2008,6,1795,7,3,2,8
237000,2008,6,2031,7,3,2.5,8
235000,2008,8,1865,7,3,2.5,7
230500,2008,7,2161,8,3,2.5,7
230000,2008,9,1852,7,3,2.5,8
222500,2008,10,2031,8,3,2.5,7
287000,2008,7,2263,7,3,2.5,8
274000,2008,7,1947,7,3,2.5,9
300000,2008,6,1786,6,3,2,8
255900,2008,6,2290,9,4,2.5,8
224900,2008,5,1768,8,3,2.5,7
240000,2008,5,2327,9,4,2.5,7
183000,2008,5,1640,6,3,2.5,7
207000,2008,9,1764,7,3,2.5,8
210000,2008,14,1908,8,4,2.5,7
136500,2008,5,848,3,1,1,6
145000,2008,4,848,3,1,1,6
208900,2008,11,1493,7,3,2,6
185000,2008,11,1838,8,2,2,6
214000,2008,6,1536,7,3,2,7
208500,2008,5,1710,8,3,2.5,7
186500,2008,4,1445,6,3,2,7
210000,2008,4,1436,8,3,2,7
185900,2008,4,1582,6,3,2.5,7
179900,2008,1,1234,7,3,2,8
218836,2008,1,1564,6,3,2,7
193000,2008,1,1361,6,3,2,7
189000,2008,3,1456,7,3,2.5,7
149300,2008,4,848,3,1,1,6
141000,2008,4,848,3,1,1,6
149000,2008,4,848,3,1,1,6
144500,2008,4,848,4,1,1,6
85000,2008,98,796,4,2,1,5
145900,2008,108,2200,9,4,3,5
123000,2008,42,1092,6,3,1,5
147500,2008,43,1256,6,3,1.5,5
165000,2008,32,1033,6,3,1,5
135000,2008,32,1127,6,3,1.5,6
108000,2008,68,996,6,3,1,5
137500,2008,36,1181,6,3,2,4
165400,2008,5,1656,7,3,2.5,7
147000,2008,31,1117,6,3,1,6
160500,2008,32,1398,6,3,1.5,6
176000,2008,3,1132,5,2,1.5,4
284700,2008,49,3820,11,5,3.5,5
160000,2008,0,5642,12,3,2.5,10
148000,2008,3,1072,5,2,1,6
82000,2008,53,1152,6,2,2,4
82000,2008,53,1152,6,2,2,4
118000,2008,53,1440,8,4,2,4
82500,2008,53,1152,6,2,2,4
91900,2008,53,784,4,2,1,4
120000,2008,70,1053,5,2,1.5,5
96000,2008,61,1137,8,4,1.5,5
99000,2008,55,930,5,2,1,4
130500,2008,62,1200,6,3,1,5
135000,2008,54,1470,7,4,2,4
135500,2008,53,1393,8,3,1.5,5
100000,2008,54,1204,6,3,1,4
108000,2008,85,1292,6,3,1.5,4
98000,2008,83,864,5,2,1,5
67000,2008,94,864,5,2,1,3
135900,2008,96,1716,9,6,2,5
140000,2008,83,1482,7,4,2,6
179500,2008,69,2192,8,4,2.5,5
136500,2008,83,1694,7,4,2,6
168000,2008,87,1424,7,2,2,7
130000,2008,97,1964,7,4,1.5,5
189000,2008,87,2601,8,4,3.5,5
161900,2008,78,1920,10,4,3,6
145000,2008,82,1316,6,2,1,6
191000,2008,86,2555,11,3,2,6
177000,2008,93,1680,8,4,2,6
147500,2008,94,1264,6,3,1,6
91000,2008,78,790,4,2,1,6
231000,2008,83,1512,7,3,2,8
115000,2008,72,1639,6,3,1,6
138000,2008,85,1603,7,4,1,6
149000,2008,77,1502,6,3,1.5,7
188700,2008,74,1660,6,3,1.5,6
198000,2008,71,1938,7,4,2,5
110000,2008,70,1374,6,3,1,5
104000,2008,57,1091,5,2,1,6
257076,2008,73,1873,9,4,1.5,8
381000,2008,73,3447,11,4,3.5,8
311500,2008,69,1954,8,3,1.5,7
263400,2008,58,2161,8,3,2.5,7
236500,2008,52,1898,7,3,2.5,5
224000,2008,54,1640,7,3,1,6
116500,2008,28,1032,5,2,1,6
151000,2008,28,1556,6,3,2.5,6
126000,2008,82,919,5,2,1,6
120000,2008,68,1090,5,3,1,6
55000,2008,86,796,5,2,1,4
120500,2008,78,816,5,2,1,6
120500,2008,68,778,4,2,1,5
119000,2008,78,1200,7,4,1,5
126000,2008,41,1656,7,3,1.5,5
99500,2008,78,912,5,2,1,5
165500,2008,50,1955,7,4,2,5
13100,2008,56,733,4,2,1,1
89000,2008,113,1361,6,2,1,4
40000,2008,88,1317,6,3,1,4
80900,2008,98,1049,5,2,1,4
81000,2008,73,894,6,2,1,3
65000,2008,88,864,5,3,1.5,4
392500,2008,0,1652,5,2,2,8
294464,2008,1,1648,5,2,2,8
250000,2008,4,1646,5,2,2,7
275000,2008,4,1646,5,2,2,8
300000,2008,12,2032,7,3,3,7
271000,2008,6,1689,7,3,2,8
213000,2008,12,1820,8,3,2.5,7
171000,2008,31,1118,6,3,1,6
171500,2008,31,1279,6,3,2,6
100000,2008,32,1872,8,4,3,5
228500,2008,17,1689,6,3,2,4
228950,2008,43,1786,7,3,2,5
241500,2008,22,1501,6,2,2,7
287000,2008,32,2898,10,2,2,8
294000,2008,2,1537,8,3,2,8
293077,2008,1,1646,7,3,2,8
264966,2008,1,1780,6,3,2.5,8
172500,2008,2,1442,6,3,2.5,5
167500,2008,2,1394,7,3,2.5,5
218689,2008,0,1612,6,3,2.5,7
150000,2008,19,1495,8,3,2,6
184000,2008,22,1651,7,3,2,6
180000,2008,22,1256,6,3,2,6
175000,2008,20,1509,5,3,2,6
232500,2008,5,1440,7,3,2,8
195000,2008,9,1675,6,3,2,6
305000,2008,5,2262,10,4,2.5,8
298751,2008,1,1728,7,3,2,8
370000,2008,3,1964,7,3,2.5,8
209200,2008,11,1344,8,2,2,7
206300,2008,11,1344,8,2,2,7
146000,2008,1,1092,5,2,1,5
160500,2008,11,1189,4,2,2,6
173000,2008,44,1200,6,3,1,4
124000,2008,33,1040,6,3,1,5
115000,2008,32,1304,4,3,1.5,5
129500,2008,32,1475,6,4,2,5
105000,2008,35,988,5,2,1,4
94900,2008,35,988,4,1,1,4
152500,2008,40,1160,6,3,1,5
98000,2008,38,1092,6,3,2.5,6
81000,2008,36,630,3,1,1,4
113000,2008,54,988,4,2,1,5
128500,2008,25,816,4,2,1,5
119500,2008,24,923,5,3,1,5
130500,2008,26,816,5,3,1,5
138000,2008,26,816,4,2,1,5
134500,2008,26,845,6,3,1,5
160000,2008,68,1750,7,4,2,6
137500,2008,24,889,6,3,1,5
172000,2008,39,1968,7,4,2.5,5
103000,2008,108,1836,7,4,2,5
167300,2007,36,1587,7,3,2,6
167000,2007,37,1277,5,2,1,7
244000,2007,34,2223,8,3,2,7
268000,2007,37,2217,8,4,2,8
225000,2007,4,1733,7,3,2.5,7
168000,2007,12,1572,7,3,2.5,6
177000,2007,10,1470,6,3,2,6
169000,2007,10,1600,7,3,2.5,6
161500,2007,10,1384,7,3,2.5,6
251000,2007,7,1652,6,2,2,8
160000,2007,13,1694,7,3,2.5,6
180000,2007,8,1714,7,3,2.5,6
178750,2007,11,1553,6,3,2.5,7
176000,2007,12,1253,6,3,2,7
204000,2007,8,2299,7,5,3.5,6
160000,2007,15,1187,6,3,2,7
160000,2007,16,1472,7,3,2.5,7
163900,2007,15,1482,7,3,2.5,7
168000,2007,14,1642,7,3,2.5,6
154204,2007,43,1128,6,3,1,6
170000,2007,21,1088,5,2,1.5,8
207500,2007,23,2090,6,3,2,7
182000,2007,19,1179,5,2,2,8
212000,2007,17,1321,4,1,1,8
377426,2007,2,1922,8,3,2,9
349265,2007,2,2541,10,4,3.5,8
591587,2007,1,2338,8,4,2.5,9
155000,2007,38,1424,7,3,1.5,5
319900,2007,1,1612,6,2,2,9
392000,2007,0,1419,7,2,2,8
441929,2007,1,2234,7,1,1.5,8
455000,2007,1,2042,8,3,2,10
182900,2007,26,1440,7,3,2,6
174000,2007,23,1284,5,3,2,6
178000,2007,23,1868,7,3,3.5,6
176000,2007,26,1479,6,3,2.5,7
213000,2007,29,1664,7,3,2,7
192000,2007,28,1930,9,4,2.5,7
190000,2007,30,1969,8,3,2.5,7
195000,2007,31,2030,8,4,2.5,6
148000,2007,29,1032,6,3,2,6
151500,2007,23,1177,6,3,2,6
197000,2007,28,1725,6,3,2.5,7
192350,2007,28,1353,5,2,2,6
152000,2007,38,1620,7,4,2.5,5
170000,2007,36,1220,6,2,2,6
175000,2007,36,1484,7,3,2,5
175000,2007,39,1743,7,3,2,6
197900,2007,31,1935,7,3,2.5,7
174000,2007,31,1324,5,3,2,7
178900,2007,33,1877,8,4,2.5,6
139000,2007,36,1109,5,3,1,5
143250,2007,36,981,5,3,1.5,6
184000,2007,35,1479,7,4,1.5,7
155000,2007,37,1422,7,3,1,5
133000,2007,37,914,5,3,1,5
119500,2007,36,950,5,3,1,5
123000,2007,36,872,5,3,1,4
110000,2007,36,858,4,2,1,4
128000,2007,46,914,4,2,1,4
120500,2007,36,864,5,3,1,4
133000,2007,9,767,4,1,1,7
155000,2007,6,1337,5,2,2,6
177000,2007,10,1337,5,2,2,6
113500,2007,34,1092,6,3,1.5,6
113000,2007,34,1218,7,3,1.5,6
113700,2007,34,1218,7,4,1.5,6
106000,2007,37,1302,6,3,2.5,5
122500,2007,36,1365,6,2,1.5,5
128000,2007,31,958,5,2,2,6
155000,2007,31,1548,7,3,2.5,6
142500,2007,29,1055,4,2,2,7
129250,2007,41,988,5,3,1,5
356000,2007,1,1816,7,3,2,9
314813,2007,0,1828,9,3,2,9
318000,2007,0,1694,7,3,2,8
322400,2007,1,1694,7,3,2,8
318000,2007,0,1734,7,3,2,8
345474,2007,0,2122,7,2,2.5,8
415298,2007,1,2121,8,3,2.5,9
492000,2007,0,2656,8,3,2.5,9
338931,2007,1,2550,11,4,2.5,8
450000,2007,2,2046,7,2,2.5,10
280000,2007,1,2172,9,3,2.5,7
479069,2007,0,2552,8,3,2,9
395000,2007,1,1973,9,3,2,8
380000,2007,1,2643,9,3,2.5,9
250000,2007,1,1634,7,3,2,8
440000,2007,1,1976,7,2,2,8
418000,2007,2,2758,9,4,2.5,9
500067,2007,0,2290,7,2,2.5,10
260116,2007,0,2152,7,3,2.5,8
317000,2007,3,2473,9,4,2.5,8
319500,2007,0,2100,8,3,2.5,8
325624,2007,0,2161,8,3,1.5,8
372000,2007,1,1802,7,3,2.5,9
342000,2007,3,2956,11,5,2.5,8
354000,2007,3,2468,10,4,2.5,8
350000,2007,4,2385,7,3,2.5,8
285000,2007,4,2374,10,4,2.5,8
281500,2007,0,1818,8,3,2.5,8
245700,2007,2,1614,7,3,2,7
232698,2007,2,1721,7,3,2,8
250000,2007,1,1828,7,3,2.5,8
194700,2007,2,1362,6,2,2,6
204000,2007,2,1302,5,1,1.5,6
200000,2007,2,1302,5,1,1.5,6
207000,2007,2,1362,6,2,2,6
209500,2007,1,1554,6,2,2,8
209500,2007,1,1554,6,2,2,8
202500,2007,1,1370,6,2,2,8
280000,2007,2,1577,6,2,2,9
277500,2007,2,1561,6,2,2,9
318061,2007,0,1869,6,2,2,9
221370,2007,1,1324,6,2,2,8
200000,2007,4,1405,6,2,2,7
181755,2007,0,1496,7,3,3,6
176000,2007,2,1536,6,3,2.5,6
178900,2007,2,1484,8,3,2.5,6
168165,2007,1,1458,6,3,2,7
171925,2007,1,1495,7,3,2.5,6
198444,2007,1,1746,6,3,2.5,6
203000,2007,2,1326,6,3,2,6
179540,2007,0,1456,8,3,2.5,7
176485,2007,0,1302,6,3,2,7
181134,2007,0,1340,6,3,2,7
156932,2007,1,1412,6,3,2.5,6
166000,2007,0,1504,6,3,2.5,6
177594,2007,0,1456,7,3,2.5,7
173500,2007,0,1258,6,3,2,7
172500,2007,1,1258,6,2,2,7
194201,2007,1,1402,7,2,1,7
226500,2007,4,1589,7,2,2,8
185485,2007,0,1266,6,2,2,7
259000,2007,3,1530,7,3,2,7
188500,2007,3,1119,5,2,2,7
175000,2007,3,1374,8,3,2.5,7
215000,2007,3,1959,8,4,2.5,7
206580,2007,1,1525,6,3,2.5,7
183500,2007,3,1720,7,3,2.5,7
165500,2007,4,1394,7,3,2.5,7
211000,2007,4,1948,8,4,2.5,7
181000,2007,7,1690,7,3,2.5,6
219500,2007,5,1995,8,4,2.5,7
175000,2007,8,1647,7,3,2.5,6
170000,2007,7,1430,8,3,2.5,7
162000,2007,4,1320,6,3,2.5,7
187000,2007,7,1690,7,3,2.5,6
185000,2007,8,1644,7,3,2.5,6
745000,2007,11,4476,10,4,3.5,10
384500,2007,10,2551,8,4,2.5,8
248000,2007,7,2285,8,4,2.5,8
466500,2007,6,2633,8,2,2.5,10
410000,2007,9,3078,9,4,2.5,9
322500,2007,9,2582,9,4,2.5,8
252000,2007,9,2385,8,4,2.5,7
755000,2007,13,4316,10,4,3.5,10
269790,2007,11,2013,8,3,2.5,7
315750,2007,11,2398,8,3,2.5,7
290000,2007,12,2520,9,4,2.5,7
290000,2007,12,2531,9,4,2.5,8
430000,2007,15,3228,10,4,3,8
263000,2007,15,2202,9,4,2.5,8
330000,2007,11,2538,8,4,2.5,8
213133,2007,0,1369,5,3,2,7
260261,2007,0,1542,6,3,2,8
320000,2007,1,1905,8,3,2,9
282922,2007,0,1464,6,3,2,8
215000,2007,1,1534,7,3,2,8
419005,2007,0,1966,6,1,2,10
255000,2007,1,1636,8,3,2,8
147000,2007,1,1795,7,2,2,8
235876,2007,0,1528,6,3,4,7
311872,2007,0,1726,8,3,2,7
248328,2007,0,1689,7,3,2,7
227000,2007,1,1588,7,3,2,8
260000,2007,2,1538,7,3,2,8
225000,2007,0,1496,7,3,2,8
249000,2007,2,1506,7,3,2,7
307000,2007,3,1694,7,3,2,8
250000,2007,1,1977,7,3,2.5,7
221300,2007,1,1830,7,3,2.5,8
208900,2007,0,1338,6,3,2,8
210400,2007,1,1335,6,3,2,7
255000,2007,0,1792,8,3,2.5,8
212109,2007,0,1588,8,3,3,5
270000,2007,1,1959,8,3,2.5,8
303477,2007,0,2610,11,4,2.5,8
310013,2007,0,1880,8,3,2.5,8
249700,2007,1,1656,7,3,2,8
227875,2007,0,1761,7,3,3,7
261329,2007,0,1584,6,2,2,8
253000,2007,1,1685,5,2,2,8
265000,2007,3,2443,9,4,2.5,6
340000,2007,3,2466,8,4,3,8
146000,2007,1,1100,6,3,1.5,6
147000,2007,1,1143,5,3,1.5,7
149000,2007,4,1094,6,3,1,5
181000,2007,1,1486,7,3,2,7
201000,2007,13,1721,7,3,2.5,6
191750,2007,14,1820,7,3,2.5,6
179000,2007,7,1349,6,3,2,7
215000,2007,9,1494,5,3,2,7
179200,2007,15,1575,5,2,2,6
128000,2007,27,1266,5,2,1.5,6
144000,2007,24,884,5,2,1,5
144000,2007,30,2020,10,4,2,5
120750,2007,30,894,5,2,1,5
132500,2007,44,970,5,2,1,5
132000,2007,45,1057,6,3,1,5
132500,2007,45,999,6,3,1,5
129000,2007,46,1120,5,3,1.5,4
143900,2007,45,1696,8,3,1.5,5
145000,2007,39,1040,5,3,1.5,5
128500,2007,46,988,5,3,1,5
125500,2007,40,902,6,3,1,5
300000,2007,17,2503,7,3,2.5,7
294000,2007,33,2167,9,3,2.5,7
129000,2007,33,1037,5,2,1,5
171000,2007,32,1701,6,3,2,5
147000,2007,34,1055,5,2,1,6
302000,2007,17,2810,9,4,2.5,8
285000,2007,15,2872,9,4,2.5,8
214000,2007,3,1378,6,2,2,8
166000,2007,1,1151,5,2,2,8
193800,2007,1,1565,5,2,2,8
208900,2007,1,1352,5,2,2,7
194000,2007,1,1352,5,2,2,7
207500,2007,1,1550,5,2,2.5,8
199900,2007,1,1241,4,1,1.5,7
164700,2007,1,1250,5,2,2.5,7
176500,2007,8,1501,6,3,2.5,6
176000,2007,8,1458,5,2,2.5,6
168500,2007,7,1512,4,2,2.5,6
177000,2007,7,1573,4,3,2.5,6
177000,2007,7,1525,5,3,2.5,6
148800,2007,3,1102,4,2,2.5,7
174000,2007,8,1441,5,2,2.5,8
239000,2007,10,1950,7,3,2.5,7
204000,2007,8,1358,5,3,2,7
301000,2007,4,2048,8,3,2.5,8
312500,2007,9,2362,8,3,2.5,8
279700,2007,13,1494,5,1,1.5,8
255000,2007,27,2362,8,3,2.5,7
194000,2007,29,1432,5,2,1.5,5
218000,2007,31,1437,6,3,2,5
213750,2007,29,1295,4,1,1,8
187000,2007,31,1855,7,3,2.5,6
181500,2007,31,1262,6,3,2,6
373000,2007,26,2497,7,2,2,8
190000,2007,30,2620,12,4,3,5
226000,2007,6,1929,7,3,2.5,7
143450,2007,39,1152,7,3,1.5,6
240050,2007,37,2411,8,4,2.5,6
162500,2007,38,1082,6,3,1,6
164000,2007,39,1295,6,3,1.5,6
185000,2007,35,1610,8,3,2,7
188500,2007,14,1594,6,2,2,7
255000,2007,14,2075,8,3,2.5,7
136905,2007,31,1680,8,4,2,5
158500,2007,41,1093,6,3,2,6
175500,2007,34,1242,6,3,1.5,7
127000,2007,44,1052,6,3,1,6
127000,2007,40,1107,5,3,1,5
143000,2007,40,1214,5,3,2,5
156000,2007,42,1073,6,3,1.5,5
144000,2007,49,1344,6,2,1,5
119000,2007,43,1728,10,6,2,5
103000,2007,43,1224,8,2,2,4
139900,2007,47,1422,6,3,1,5
151500,2007,47,958,5,2,1,6
126500,2007,47,1065,6,3,1.5,5
145000,2007,49,1138,6,3,1,6
120000,2007,49,912,5,2,1,5
124000,2007,51,1074,6,2,1,5
106500,2007,48,882,5,3,1,5
140500,2007,46,1187,6,2,1,5
137500,2007,46,964,5,3,1,5
117600,2007,47,894,5,3,1,5
163500,2007,41,1200,6,3,2,7
161000,2007,42,1042,5,3,2,6
158000,2007,43,1302,7,3,2,6
224500,2007,43,2154,8,5,2.5,6
147000,2007,43,1374,7,3,1,6
200000,2007,48,1652,6,3,1.5,6
181900,2007,47,1429,7,3,1,6
150750,2007,48,1327,7,3,1,5
101800,2007,45,1224,6,2,2,4
124000,2007,57,932,4,2,1,6
138500,2007,67,908,4,2,1,5
39300,2007,61,334,2,1,1,1
64500,2007,61,666,4,2,1,3
64000,2007,62,670,4,2,1,3
112000,2007,49,808,5,2,1,5
165000,2007,43,1977,9,4,1.5,6
144000,2007,52,1150,6,2,1,5
137000,2007,59,1920,10,4,2,5
105000,2007,66,1376,6,3,1,5
146500,2007,65,1644,7,3,1.5,5
126000,2007,39,1560,8,4,2,5
175000,2007,41,1280,6,3,2,5
158500,2007,46,1254,6,3,1,6
114500,2007,49,912,5,2,1,5
144000,2007,49,1524,7,3,1.5,5
129000,2007,42,2380,7,3,2.5,6
141000,2007,50,936,4,2,1,6
131000,2007,51,1008,6,3,1,5
142100,2007,44,1053,6,3,1,5
139000,2007,49,1056,6,3,1,5
157900,2007,49,1442,7,4,1.5,6
139400,2007,53,1056,6,3,1,5
150000,2007,50,1244,6,3,1.5,6
120000,2007,47,1144,6,3,1,5
174850,2007,50,1721,8,4,1,6
116000,2007,50,922,5,2,1,5
135000,2007,51,1048,6,3,1,5
163500,2007,37,1657,7,3,2,6
130000,2007,52,1411,7,3,1,5
129500,2007,52,1216,5,3,1,5
142000,2007,54,1154,6,3,1.5,5
128600,2007,49,1560,8,4,2,5
125000,2007,55,948,5,2,1,6
136000,2007,54,1040,6,3,1,6
134500,2007,54,1008,6,2,1,5
127000,2007,51,925,5,3,1,5
130000,2007,52,1360,6,3,1,5
115000,2007,52,1540,7,4,1,4
116900,2007,52,925,5,3,1,5
132000,2007,51,928,4,2,1,5
153000,2007,54,1647,6,3,1,4
112500,2007,55,924,6,2,1,5
138000,2007,117,1544,7,3,2,4
135000,2007,58,893,4,2,1,5
156000,2007,54,1728,7,3,1,5
301600,2007,72,3086,9,4,3.5,5
109000,2007,67,1034,5,2,1,5
103200,2007,51,882,4,1,1,4
128500,2007,82,1281,6,1,2,4
64500,2007,80,968,5,4,2,4
148000,2007,112,1534,6,3,1.5,5
86000,2007,87,691,4,2,1,5
172000,2007,44,1651,6,4,2,7
120000,2007,46,888,5,3,1,5
128500,2007,39,952,5,3,1,6
135000,2007,38,2080,9,5,2,5
122900,2007,58,924,6,3,1,5
119200,2007,59,1082,5,2,1,6
143000,2007,58,1846,7,3,2,6
119000,2007,57,988,6,3,1,5
102000,2007,57,1238,6,3,1.5,5
129000,2007,57,864,5,3,1,5
135000,2007,47,1134,6,2,1,5
152000,2007,48,1040,6,3,1,5
140000,2007,49,1170,6,3,1,5
152000,2007,47,1242,6,3,1.5,5
156500,2007,47,1377,6,3,1,5
141000,2007,46,1800,10,6,2,5
99000,2007,46,925,7,3,1,5
187000,2007,43,1851,7,3,2.5,6
169500,2007,45,1812,8,4,2,5
125500,2007,45,864,5,2,1,5
130000,2007,45,936,6,3,1,5
103000,2007,81,960,5,2,1,5
132000,2007,97,1432,7,2,2,5
127500,2007,80,1296,6,3,1,6
89500,2007,85,1022,4,2,1,5
140000,2007,27,936,4,2,1,5
99900,2007,87,967,5,2,1,5
100000,2007,122,1047,6,2,1,4
130000,2007,67,1072,5,2,1,5
135000,2007,107,1174,6,2,1,5
120000,2007,59,1183,6,2,1.5,3
89471,2007,70,1131,7,2,1,4
85000,2007,107,1141,6,3,1,4
108500,2007,87,960,5,2,1,4
137000,2007,107,1798,7,4,2.5,4
110500,2007,62,866,4,2,1,5
100000,2007,84,968,5,2,1,5
184900,2007,97,1772,7,3,2.5,8
145000,2007,80,1642,9,4,1.5,6
125000,2007,82,1472,6,3,1,5
114000,2007,97,1232,6,3,1,5
90000,2007,107,2337,10,5,2,5
144100,2007,97,1650,6,3,2,6
117500,2007,127,2210,8,5,2,6
124500,2007,77,1358,6,3,1.5,5
185000,2007,128,2454,8,3,2,7
133900,2007,97,2291,9,4,2,6
152000,2007,81,1616,5,3,2,6
153500,2007,59,1559,5,2,1,5
159500,2007,117,2554,8,3,1.5,7
87000,2007,77,1248,6,2,1,5
104500,2007,51,968,5,2,1,4
110000,2007,58,1382,6,1,2,4
136500,2007,82,1060,6,1,1,5
128250,2007,57,1435,6,3,1,5
144000,2007,87,1167,6,3,1,5
210000,2007,84,1635,6,3,1.5,6
135000,2007,68,1274,6,3,2,5
128000,2007,68,1232,6,3,1.5,6
131000,2007,66,1218,6,3,1,6
113000,2007,68,884,5,2,1,5
126000,2007,69,1409,6,3,1.5,6
132000,2007,68,1322,7,4,1,5
131750,2007,77,1426,6,3,1,5
132500,2007,81,1281,6,2,1,5
137500,2007,87,1513,8,4,1.5,5
132000,2007,78,854,5,2,1,7
127500,2007,76,1367,6,3,1,6
102000,2007,81,986,5,2,1,6
200000,2007,89,2264,8,4,2.5,6
180500,2007,88,1824,8,3,1,6
165000,2007,87,1376,7,3,1,6
90000,2007,81,1316,7,4,1,5
153575,2007,92,1396,7,3,1,6
140000,2007,78,1344,6,3,1.5,7
136000,2007,91,2526,10,5,2,6
113000,2007,106,1173,7,3,2,5
117000,2007,106,1214,6,2,1,5
169500,2007,76,1818,7,4,1.5,7
139400,2007,77,1108,6,3,1,7
202500,2007,44,2294,9,5,3,6
127000,2007,93,1355,7,3,1.5,6
141000,2007,70,1375,6,3,1.5,6
212300,2007,57,1952,8,4,1.5,7
161000,2007,92,2180,7,3,1.5,6
99500,2007,49,1315,5,3,2,4
101000,2007,87,1111,6,3,1,5
109900,2007,91,1196,5,2,1,4
128500,2007,66,1382,7,2,1.5,5
122000,2007,97,1889,9,4,1.5,7
87000,2007,77,840,5,3,1,5
50000,2007,97,1484,6,3,2,4
219000,2007,70,2267,7,3,1.5,7
200500,2007,61,3086,12,3,3,5
126000,2007,67,1134,7,3,1.5,5
108500,2007,65,1282,4,2,1,5
130000,2007,44,999,6,3,1,5
158450,2007,43,1452,6,2,1,5
115400,2007,43,1005,5,3,1,4
118500,2007,46,1029,5,3,1,4
165000,2007,43,1020,5,3,2,5
123000,2007,41,1040,6,3,1,5
129000,2007,41,913,6,3,1,6
125000,2007,41,894,5,3,1,5
108000,2007,39,948,6,3,1,5
119900,2007,36,868,6,2,1,5
115000,2007,39,897,5,3,1,5
134500,2007,40,943,5,2,1,5
127000,2007,41,955,6,3,1,5
129000,2007,39,894,5,3,1,5
143500,2007,30,1285,7,3,1.5,6
129000,2007,41,912,6,3,1,5
187000,2007,51,1375,6,3,1,5
158000,2007,87,2654,11,4,3,5
112000,2007,89,1416,7,3,2,5
165250,2007,67,1302,6,2,1.5,7
150000,2007,53,1299,6,3,1,6
137000,2007,49,1176,6,3,1,5
89500,2007,62,998,5,3,1,4
302000,2007,36,1824,5,2,2,7
182000,2007,23,1522,7,3,2,6
211000,2007,19,2060,8,4,2.5,6
216000,2007,59,1325,6,3,2,5
130000,2007,54,1630,6,3,2,5
109900,2007,61,1242,4,2,1,4
255000,2007,53,2422,6,4,3,6
243000,2007,57,2158,7,4,2,6
154000,2007,53,1626,6,3,1.5,6
118000,2007,49,864,6,3,1,5
80000,2007,49,943,5,3,1,4
150000,2007,30,1440,8,4,2,4
86000,2007,87,605,5,2,1,4
130000,2007,23,1038,5,2,2,5
125000,2007,56,1342,7,4,1,5
136500,2007,56,1480,7,4,1,5
96000,2007,87,1362,7,4,2,4
120000,2007,50,1340,7,3,1,5
228500,2007,23,1822,7,4,2,6
179900,2007,17,1442,6,3,2,7
225000,2007,17,2243,8,4,2.5,7
301000,2007,21,2730,8,4,2.5,7
238000,2007,16,2127,8,4,2.5,7
228500,2007,18,1982,7,3,2.5,7
220000,2007,13,1958,7,3,2.5,7
383970,2007,0,2696,10,4,2.5,7
424870,2007,1,2828,11,4,3,8
250000,2007,0,1651,7,3,2,8
360000,2007,1,2140,8,3,2.5,8
279500,2007,1,1494,7,3,2,7
200141,2007,0,1316,6,3,2,7
246500,2007,0,1651,7,3,2,8
276000,2007,0,2574,10,3,2.5,8
203000,2007,2,1274,6,3,2,7
155835,2007,1,1456,8,3,2.5,7
194000,2007,1,1240,5,2,2,7
195400,2007,0,1208,6,2,2,7
217000,2007,2,1546,7,3,2,7
212999,2007,1,1500,7,3,2,8
175900,2007,2,1270,6,2,2,7
191000,2007,2,1795,7,3,2.5,7
176432,2007,1,1314,6,3,2,6
277000,2007,19,2062,7,3,2.5,7
207000,2007,19,1873,7,3,2.5,7
277000,2007,49,2144,7,4,2,6
240000,2007,15,1953,9,3,2.5,6
187500,2007,41,2087,9,5,2.5,6
279000,2007,31,1743,5,0,0.5,8
139500,2007,13,1022,6,3,1,5
126000,2007,13,990,5,3,1,5
177500,2007,12,1200,6,3,2,6
175000,2007,10,1308,6,3,2.5,6
211000,2007,9,1796,7,3,2.5,6
146000,2007,13,990,5,3,1,5
147900,2007,11,1097,6,3,1.5,5
123600,2007,13,990,5,3,1,4
204750,2007,10,1786,7,3,2.5,6
235500,2007,8,1873,7,3,2.5,7
217000,2007,9,1753,7,3,2.5,7
190550,2007,6,1690,7,3,2.5,7
217500,2007,7,1842,7,3,2.5,7
226000,2007,4,1479,7,3,2,7
180000,2007,4,1668,8,3,2.5,7
131000,2007,33,894,5,3,1,5
153500,2007,31,1025,6,3,2,5
160000,2007,30,1009,6,3,2,5
134900,2007,30,1040,5,3,1.5,5
130000,2007,30,907,5,3,1,5
120000,2007,32,879,5,3,1,5
112500,2007,35,882,5,3,1,5
122000,2007,32,969,5,3,1.5,5
127000,2007,35,864,5,3,1,5
117000,2007,35,875,5,3,1,4
305900,2007,3,2000,8,3,2,8
228500,2007,5,2169,7,3,2.5,8
270000,2007,7,1673,7,3,2,7
192000,2007,5,1459,6,3,2,7
213000,2007,4,1932,7,3,2.5,7
200000,2007,5,1729,7,3,2.5,7
267000,2007,9,2452,9,4,2.5,8
228000,2007,13,1592,7,3,2,8
275000,2007,6,2439,7,4,2.5,8
211000,2007,11,1992,7,3,2.5,7
285000,2007,5,1668,7,3,2,9
240000,2007,12,2090,8,3,2.5,8
131500,2007,4,848,3,1,1,6
246900,2007,8,1341,5,1,1.5,8
219500,2007,4,1928,8,4,2.5,7
185000,2007,4,1337,6,3,2,7
179400,2007,0,1476,7,3,2.5,7
213500,2007,1,1797,8,3,2.5,7
179600,2007,3,1422,7,3,2,7
173500,2007,2,1190,5,2,2,7
167840,2007,1,1330,6,3,2,6
168675,2007,1,1491,7,3,2.5,7
167000,2007,2,1536,6,3,2.5,5
140000,2007,42,1214,6,2,1,5
118500,2007,40,936,4,2,1,5
110000,2007,44,1088,4,2,1,4
94750,2007,42,960,6,3,1,4
122000,2007,82,1351,7,3,1,5
110000,2007,47,1179,5,2,1,6
118500,2007,17,816,5,3,1,6
133500,2007,31,1044,7,3,1,6
148000,2007,31,1113,6,3,1.5,6
141000,2007,28,2233,11,5,2.5,5
155000,2007,1,1125,5,2,1.5,5
157000,2007,2,1090,5,2,1.5,5
171500,2007,2,1408,6,3,2.5,5
183850,2007,-1,5095,15,2,2.5,10
184750,2007,0,4676,11,3,3.5,10
140000,2007,2,1072,5,2,1,6
131750,2007,48,960,4,2,1,5
61500,2007,52,1152,6,2,2,4
111000,2007,53,948,5,3,1,4
98500,2007,61,1195,8,4,2,5
79000,2007,76,774,6,3,1,3
108500,2007,87,865,4,2,1,6
110000,2007,53,894,5,3,1,4
112000,2007,97,1346,6,2,1.5,4
125000,2007,52,768,4,2,1,4
79275,2007,52,864,5,3,1,4
119000,2007,53,948,5,3,1,4
200000,2007,93,3395,14,8,2,6
150000,2007,84,2592,12,6,2,5
165000,2007,84,1502,7,3,1.5,6
96500,2007,81,789,5,2,1,5
136500,2007,81,1422,6,3,1,5
146500,2007,86,1298,8,2,2,6
175000,2007,70,1768,7,3,1.5,5
148500,2007,77,1098,5,2,1,7
141500,2007,86,1436,7,3,1,6
189950,2007,89,1426,7,3,1.5,7
135000,2007,81,1461,6,3,1,6
164000,2007,66,1646,7,4,2,7
90350,2007,94,694,4,2,1,5
139000,2007,97,1250,8,3,2,5
119750,2007,69,954,5,2,1,5
145000,2007,61,1958,8,4,2,6
145000,2007,58,2002,8,4,2,5
238000,2007,80,1718,8,4,2.5,7
153500,2007,56,1226,7,2,1.5,5
239000,2007,89,2624,10,4,2.5,6
359100,2007,73,3194,10,4,2.5,8
188000,2007,77,1755,7,4,2,4
220000,2007,75,1991,7,3,1.5,6
140000,2007,66,1355,5,3,2,5
315000,2007,75,2727,10,3,2.5,8
259500,2007,62,2320,9,3,2.5,6
257500,2007,50,1839,7,3,2,6
219500,2007,67,1740,6,3,1.5,7
217000,2007,54,2259,7,3,2,6
201000,2007,47,1560,6,3,1.5,6
215000,2007,39,1488,7,3,2,6
123900,2007,27,1045,5,2,1,6
170000,2007,12,1680,7,4,2,4
200000,2007,19,1020,4,1,1,8
198000,2007,36,1696,7,3,2,7
200624,2007,50,2515,9,4,3,6
315000,2007,21,2726,6,2,2.5,8
115000,2007,88,1517,7,3,2,5
141000,2007,67,1215,6,3,1,6
87000,2007,66,803,5,2,1,5
129850,2007,82,1601,6,3,2,5
100000,2007,68,1123,4,3,1,4
150909,2007,84,1828,6,3,2,5
75200,2007,85,816,5,2,1,5
118400,2007,87,1012,6,2,1,6
67000,2007,87,1077,6,2,1,5
152000,2007,57,1558,6,4,1.5,5
68104,2007,68,845,4,1,1,2
119600,2007,112,1991,9,4,2,5
140000,2007,50,1073,6,3,1,4
124900,2007,77,1001,5,2,1,5
375000,2007,1,1625,5,2,2,8
235000,2007,1,1625,5,2,2,8
183500,2007,28,1299,5,2,2,6
156000,2007,29,912,5,2,1,6
134000,2007,24,1080,5,3,1.5,6
215000,2007,5,1392,6,3,2,5
245000,2007,5,1409,4,1,1.5,7
210000,2007,16,1478,6,3,2,7
148000,2007,32,918,4,3,1,7
143000,2007,33,1026,5,2,1,6
244000,2007,20,1501,5,2,2,7
330000,2007,9,1502,5,1,1.5,7
170000,2007,48,1328,5,2,1.5,5
257000,2007,49,2279,7,4,2.5,6
231713,2007,1,1689,7,3,2,7
267300,2007,1,1564,6,2,2,8
265900,2007,1,1484,6,2,2,8
239000,2007,0,1571,7,3,2,8
248900,2007,1,1646,6,3,2,8
174000,2007,22,1240,6,3,2,7
187500,2007,17,1717,7,3,2.5,7
204000,2007,11,1756,7,3,2.5,6
180500,2007,6,1312,5,2,2,8
187500,2007,4,1146,6,3,2,7
282000,2007,5,1922,6,2,2,8
178000,2007,11,1491,7,3,2,6
270000,2007,5,1629,9,3,2,8
279900,2007,4,2486,10,5,3.5,7
186700,2007,44,1572,5,3,1.5,5
283463,2007,1,1776,7,3,2,8
392000,2007,1,1824,8,3,2,10
281213,2007,2,2482,9,4,2.5,8
147000,2007,0,1120,6,3,1,5
130000,2007,54,2034,9,2,1,3
140000,2007,11,936,3,0,0.5,6
132250,2007,44,1040,5,3,1,4
143000,2007,40,1632,8,4,2,5
168000,2007,46,1622,7,3,1,4
129900,2007,31,1060,6,3,1,5
134000,2007,31,1142,6,3,1.5,5
85500,2007,35,1092,5,3,1.5,4
106500,2007,37,992,4,2,1,4
93900,2007,37,1092,5,3,1.5,4
75000,2007,37,1092,6,3,1.5,4
84500,2007,37,630,3,1,1,4
75190,2007,31,1092,6,3,1.5,4
146800,2007,31,1062,5,3,1,6
153500,2007,30,1008,4,1,1,5
188000,2007,30,1356,6,3,2,6
196000,2007,30,1676,6,3,1.5,5
157000,2007,30,1432,6,3,1.5,5
138000,2007,36,796,5,2,1,5
129500,2007,37,768,5,2,1,5
80000,2007,46,1608,6,3,1,4
129500,2007,25,845,4,2,1,4
135000,2007,31,1178,6,3,1.5,5
124500,2007,25,816,5,2,1,5
139000,2007,24,816,4,2,1,5
93500,2007,16,974,5,3,1,5
124500,2007,23,887,5,3,1,5
149900,2006,52,1293,5,2,2,6
157500,2006,50,1024,5,2,1,6
169000,2006,49,1797,7,3,1.5,5
252000,2006,49,1390,4,1,1.5,6
192100,2006,37,1851,8,3,2,7
183500,2006,9,1525,6,3,2.5,6
222000,2006,9,2236,8,4,2.5,7
170000,2006,11,1671,7,3,2.5,6
187500,2006,11,1498,6,3,2.5,6
202000,2006,10,1776,7,3,2.5,6
185000,2006,9,1511,8,3,2.5,6
320000,2006,1,2462,9,4,2.5,7
240000,2006,0,1670,7,3,2,7
250000,2006,1,2064,7,4,2.5,8
239900,2006,1,1801,8,3,2.5,8
309000,2006,1,2212,9,3,2.5,7
274725,2006,0,2021,9,3,2.5,7
270000,2006,12,2687,9,4,2.5,8
183500,2006,13,1169,6,3,2,6
165600,2006,13,1501,6,3,2.5,6
176500,2006,8,1632,8,3,2.5,7
130000,2006,19,1204,5,2,2,8
239000,2006,19,1767,5,2,2,7
275000,2006,21,1742,5,2,2,8
457347,2006,1,2798,11,3,3.5,9
545224,2006,0,3390,10,5,3.5,10
356383,2006,0,2473,11,4,2.5,9
556581,2006,1,2868,11,4,3.5,9
361919,2006,0,2576,10,4,2.5,8
535000,2006,0,2698,11,4,2.5,10
401179,2006,1,2795,10,4,3.5,9
438780,2006,0,2945,10,3,3.5,10
169000,2006,58,2320,7,2,2,5
145000,2006,51,1056,5,3,1,5
318000,2006,1,1714,7,2,2,9
319000,2006,1,1826,7,3,2,8
470000,2006,1,2000,8,3,2.5,9
202500,2006,22,1621,8,3,2,7
229000,2006,18,2183,9,4,2.5,7
235000,2006,29,2263,9,3,2.5,7
190000,2006,30,1574,6,3,2.5,6
169000,2006,26,1102,5,2,1,6
241500,2006,18,1872,6,3,2,7
188900,2006,28,1857,8,4,2.5,7
207500,2006,26,1686,7,3,2,6
250000,2006,28,2784,12,5,3.5,7
179900,2006,31,1552,6,3,2.5,6
172000,2006,30,1083,5,2,1,7
294323,2006,1,2318,8,3,2.5,7
184500,2006,31,1875,8,3,3,6
153500,2006,31,1074,6,3,1.5,5
162900,2006,30,1664,8,4,2.5,7
181000,2006,32,1309,5,3,1.5,6
155000,2006,32,1103,6,3,2,6
138800,2006,37,1096,6,3,1,5
116050,2006,36,864,5,3,1,4
88000,2006,35,858,5,3,1,4
97500,2006,35,874,5,3,1,4
190000,2006,4,1419,4,2,2,6
105500,2006,33,1092,6,3,1.5,6
125500,2006,33,1365,7,3,1.5,5
83000,2006,33,987,5,2,1.5,6
116000,2006,34,1030,6,3,1.5,6
91500,2006,35,1218,7,3,1.5,6
118000,2006,34,1218,7,3,1.5,6
89000,2006,34,948,5,2,1.5,6
108000,2006,34,1092,6,3,1.5,6
94500,2006,34,987,5,2,1.5,6
146300,2006,31,1069,4,2,2,6
145000,2006,39,1387,6,3,1,5
123000,2006,39,900,6,3,1,5
137500,2006,30,1055,4,2,2,7
144000,2006,30,1456,6,3,2.5,6
315000,2006,2,1980,8,3,2,9
412083,2006,0,2589,11,4,2.5,9
342643,2006,0,2596,9,4,3.5,9
252000,2006,2,1618,6,2,2,8
465000,2006,0,2076,7,2,2.5,10
293000,2006,0,1740,8,4,2,7
415000,2006,1,1868,7,2,2,9
326000,2006,2,1850,8,3,2,9
325300,2006,1,2376,9,4,3.5,8
309000,2006,2,2452,9,4,3.5,8
300000,2006,1,2206,10,4,2.5,9
275500,2006,1,2098,8,3,2.5,8
338500,2006,1,2091,8,3,2.5,9
345000,2006,1,2324,11,4,3,9
344133,2006,1,2253,8,3,2.5,8
298236,2006,0,2389,10,4,2.5,8
329900,2006,1,2358,10,4,2.5,8
360000,2006,3,1944,8,3,2,9
281000,2006,0,1970,8,3,2.5,8
372397,2006,1,1792,6,2,2,9
378000,2006,2,1780,7,2,2,9
374000,2006,3,1792,6,2,2,9
437154,2006,1,2728,10,4,2.5,9
275000,2006,1,1904,8,3,2.5,8
279000,2006,2,1914,9,3,2.5,8
185850,2006,1,1364,6,2,2,7
282500,2006,1,1565,6,2,2,9
202500,2006,1,1368,6,2,2,7
202665,2006,1,1368,6,2,2,7
332200,2006,0,1686,6,1,2,9
310090,2006,0,1666,6,2,2,9
171750,2006,3,1405,6,2,2,7
169990,2006,1,1316,6,3,2,6
170440,2006,1,1456,8,3,2.5,6
169985,2006,0,1492,8,3,2.5,7
179665,2006,0,1496,7,3,2.5,7
219210,2006,0,1863,9,4,2.5,7
174190,2006,0,1326,6,3,2,6
172785,2006,0,1456,8,3,2.5,6
258000,2006,2,2373,9,4,2.5,8
185101,2006,0,1492,8,3,2.5,7
210250,2006,0,1364,6,2,2,7
234000,2006,3,1557,7,2,2,7
215000,2006,3,1456,7,2,2,8
246990,2006,4,1511,5,2,2,7
178740,2006,2,1414,6,2,2,7
225000,2006,2,1548,7,2,2,7
167240,2006,1,1248,5,2,2,7
156820,2006,1,1142,6,2,2,7
213490,2006,1,1506,6,2,2,7
264561,2006,0,1567,7,1,2,8
246578,2006,0,1500,6,2,2,7
192140,2006,1,1838,7,4,2.5,5
183200,2006,4,1509,7,3,2.5,6
178000,2006,2,1414,6,3,2.5,8
201490,2006,2,1598,7,3,2.5,7
230500,2006,6,1936,7,3,2.5,8
180000,2006,3,1509,8,3,2.5,7
172400,2006,6,1664,7,3,2.5,6
215000,2006,6,1889,9,3,2.5,6
199900,2006,8,1886,10,4,2.5,7
173000,2006,6,1671,7,3,2.5,6
287602,2006,0,2322,8,4,3.5,7
230000,2006,7,2291,8,4,2.5,7
348000,2006,9,2392,7,3,2.5,8
286000,2006,8,1976,7,3,2.5,8
300000,2006,6,2234,7,3,2.5,8
625000,2006,11,3627,10,4,3.5,10
405000,2006,6,2855,9,4,2.5,9
280000,2006,8,1924,7,3,2.5,8
258000,2006,8,2263,10,4,2.5,8
350000,2006,11,2726,9,4,2.5,8
584500,2006,13,3500,11,4,3.5,9
321000,2006,12,2494,9,4,2.5,8
290000,2006,12,2526,8,4,2.5,8
315000,2006,13,2799,8,3,2.5,8
252000,2006,1,1964,8,3,2.5,8
336820,2006,0,1670,6,2,2.5,8
423000,2006,1,2097,8,1,1.5,8
290000,2006,0,1660,8,3,2,8
232000,2006,1,1616,7,3,2,7
199000,2006,0,1504,7,3,2,8
198600,2006,0,1278,5,2,2,8
405749,2006,0,2640,11,3,3.5,9
232600,2006,0,1489,7,3,2,8
266000,2006,0,1939,8,3,2.5,8
186500,2006,1,1553,6,3,2.5,7
200825,2006,1,1716,7,3,2.5,6
197000,2006,0,1576,6,3,2.5,7
185000,2006,0,1262,5,2,2,6
176000,2006,1,1266,6,3,2,7
187750,2006,0,1301,5,2,2,7
139500,2006,1,1142,5,3,1.5,6
186800,2006,1,1400,6,3,2,7
132000,2006,1,1131,6,3,1.5,6
142500,2006,1,1141,6,3,1.5,6
158000,2006,2,1158,5,3,1.5,6
184000,2006,1,1686,8,3,2.5,7
184900,2006,1,1585,7,3,2.5,7
187000,2006,9,1837,7,3,2.5,6
175900,2006,14,1603,7,3,2.5,6
248500,2006,14,1731,7,3,2.5,6
172000,2006,16,1398,5,2,2,6
151000,2006,15,1217,5,2,2,6
150000,2006,12,1320,6,3,2.5,6
107000,2006,40,1056,5,2,1,4
119900,2006,41,965,6,3,1,5
129500,2006,44,988,6,3,1,5
125000,2006,43,1728,10,6,2,5
119500,2006,29,1654,10,4,2,6
144000,2006,44,1211,6,2,1,5
151000,2006,29,1212,6,3,1,6
126000,2006,41,984,5,3,1,5
116000,2006,38,909,5,3,1,5
133500,2006,43,925,5,2,1,5
120875,2006,41,1024,5,3,1.5,5
137000,2006,41,935,5,3,1,5
124000,2006,42,912,6,3,1,5
135000,2006,45,1236,6,3,1,5
129200,2006,39,941,6,3,1,5
260000,2006,32,2646,9,3,2,7
260000,2006,15,2417,9,4,2.5,8
334000,2006,14,2826,9,3,2.5,8
310000,2006,13,2520,10,5,2.5,8
268000,2006,14,2295,9,4,2.5,7
262000,2006,12,1624,5,2,2,8
176400,2006,2,1143,5,1,1.5,7
197000,2006,1,1247,4,1,1.5,8
151000,2006,1,1200,4,2,2.5,7
147400,2006,1,1223,4,2,2.5,7
149900,2006,1,1223,4,2,2.5,7
144152,2006,1,1200,4,2,2.5,7
166000,2006,6,1524,4,2,2.5,6
183900,2006,7,1452,6,3,2.5,7
165000,2006,6,1382,6,3,2.5,7
139000,2006,3,1080,4,2,2.5,7
200000,2006,9,1694,6,3,2.5,7
221000,2006,5,1568,6,3,2,8
270000,2006,11,1494,6,2,1.5,8
165000,2006,29,1208,6,3,1.5,6
214000,2006,26,1235,4,1,1,8
188000,2006,26,1036,4,1,1,8
190000,2006,26,1226,4,1,1,8
170000,2006,28,1226,4,1,1,8
385000,2006,25,1842,5,0,0.5,9
146500,2006,34,1193,6,2,2,5
170000,2006,38,1920,8,4,3,7
262500,2006,38,2156,9,3,2,7
179900,2006,38,1416,7,3,2.5,6
250000,2006,38,2654,9,4,2.5,6
165150,2006,34,1790,8,4,2,6
164500,2006,39,1334,7,3,2,7
140000,2006,37,1164,6,3,1.5,7
135500,2006,39,980,6,3,2,5
142000,2006,38,1051,6,3,1,5
155000,2006,38,1770,7,4,1.5,5
157500,2006,38,976,4,2,1,6
138500,2006,38,1052,5,3,1.5,5
140000,2006,38,898,6,3,1,5
124400,2006,40,1051,6,3,1,5
158000,2006,39,1141,6,3,1,5
146000,2006,41,1200,6,1,1.5,5
190000,2006,35,1993,8,4,2.5,6
136500,2006,45,1050,6,3,1,5
129900,2006,48,864,5,3,1,5
145000,2006,47,1712,8,4,2,5
185900,2006,41,1565,7,3,2,6
160000,2006,42,1251,6,3,1,6
167000,2006,42,1488,7,3,1.5,6
157500,2006,42,1440,7,4,1.5,5
140000,2006,48,1095,6,2,1,6
150000,2006,48,1053,6,3,1.5,5
151500,2006,46,1248,6,3,1,5
129800,2006,72,816,4,2,1,6
137000,2006,52,1008,4,2,1,5
137000,2006,59,1043,5,2,1,5
121600,2006,60,1230,5,3,1.5,4
85500,2006,83,869,4,2,1,4
79900,2006,80,747,5,1,1,4
127000,2006,98,1252,5,3,1,5
161000,2006,45,1433,7,3,1,5
146500,2006,54,1624,6,2,1,5
135000,2006,55,1216,7,3,1,5
137900,2006,55,2136,7,4,2,5
133000,2006,65,1578,5,3,1,6
137000,2006,57,1728,7,3,1.5,5
121000,2006,52,936,5,2,1,5
119000,2006,39,1584,8,4,2,5
172000,2006,42,1246,6,3,1,6
98600,2006,45,1235,6,2,1,5
226000,2006,40,2157,8,4,2.5,7
118000,2006,52,1128,5,2,1,5
235000,2006,88,3112,8,4,2,8
135000,2006,43,1008,5,2,1,6
132500,2006,44,1190,6,3,1,5
143000,2006,47,1144,6,3,1,5
132000,2006,49,1364,6,3,1.5,5
145250,2006,46,1383,7,3,1.5,6
162000,2006,48,1336,7,3,1.5,6
148000,2006,50,1370,6,3,1,5
141000,2006,49,1092,6,2,1,5
153000,2006,50,1124,6,3,1,6
134450,2006,49,1236,6,2,1,5
135960,2006,27,943,4,2,1,5
156000,2006,52,1050,6,3,1,6
140000,2006,52,1375,5,2,1,6
139500,2006,54,1008,4,2,1,5
155000,2006,55,1575,5,2,1.5,6
127000,2006,50,1145,6,3,1,5
133500,2006,50,1005,6,2,1,5
125000,2006,51,1056,6,3,1.5,5
142000,2006,55,884,4,2,1,5
167000,2006,65,2039,7,3,1.5,7
159000,2006,50,1384,6,2,1,5
180000,2006,81,2640,10,5,2.5,5
127000,2006,59,1312,6,3,1.5,6
112000,2006,82,1310,6,2,2,6
99800,2006,76,713,5,2,1,3
117000,2006,52,833,4,2,1,5
108480,2006,85,1073,4,2,1,5
68000,2006,77,715,4,2,1,3
86900,2006,106,720,5,1,1,4
120000,2006,86,1130,5,2,1,5
155500,2006,91,1595,7,3,2,6
80000,2006,96,1760,7,4,1.5,4
105000,2006,91,1214,6,3,1,3
160000,2006,106,2414,10,3,2,5
170000,2006,70,1466,7,3,2,5
160000,2006,41,1324,6,3,2,6
159950,2006,40,1086,6,3,1,5
165000,2006,43,1146,6,3,1,6
159000,2006,44,1734,7,3,1.5,6
147000,2006,44,1207,6,3,1.5,6
115000,2006,42,912,5,2,1,5
159500,2006,47,1194,6,3,1,6
120000,2006,47,864,4,2,1,6
129900,2006,49,816,5,2,1,5
183000,2006,45,1773,6,3,2,6
157500,2006,47,1472,5,2,2,7
277500,2006,44,2448,9,3,3,7
207500,2006,49,1600,6,2,1,5
147500,2006,56,1521,6,3,1.5,4
135000,2006,57,1192,6,4,1.5,4
109500,2006,56,1040,5,2,1,5
109900,2006,56,1040,4,2,1,4
133700,2006,47,1040,6,3,1,5
81400,2006,56,1040,6,2,2,3
87500,2006,57,1040,6,2,2,3
93500,2006,56,1040,6,2,2,3
119000,2006,46,1556,8,4,2,5
141000,2006,47,1150,6,3,1,5
146000,2006,45,1150,6,3,1,5
155000,2006,40,1348,6,3,1.5,6
134500,2006,44,999,6,3,1,5
120000,2006,44,1045,6,3,1,7
105000,2006,44,864,5,3,1,5
124000,2006,44,1025,6,3,1,5
169000,2006,106,2014,8,5,2,5
107000,2006,81,1328,8,3,1,4
135000,2006,58,1668,6,3,1,5
111500,2006,86,1657,9,4,1,4
156500,2006,106,1416,7,3,1,6
178000,2006,81,1641,6,3,1.5,7
139900,2006,106,1428,7,4,1,7
105000,2006,76,1004,5,2,1,7
110000,2006,76,813,5,2,1,6
111500,2006,106,1951,9,4,2,4
108000,2006,82,1032,5,2,1,6
111500,2006,81,844,5,2,1,5
124000,2006,126,1750,8,3,1,5
105000,2006,56,864,5,2,1,4
116000,2006,86,1118,6,2,1,6
96900,2006,101,1376,7,2,1,3
135500,2006,51,960,5,3,1,5
139000,2006,82,1566,7,5,1.5,5
61500,2006,85,492,3,1,1,3
120000,2006,61,1182,5,3,1.5,6
126175,2006,51,1163,6,3,1,3
64000,2006,86,840,5,2,1,3
137000,2006,96,1928,9,4,2,6
87000,2006,106,1774,8,4,2,4
163000,2006,92,1768,6,2,1.5,7
155000,2006,96,2104,9,5,2,7
79000,2006,106,1440,6,3,1,5
144000,2006,90,1690,7,3,1,7
114504,2006,96,1368,7,3,1,6
157000,2006,86,1762,8,4,1.5,7
125000,2006,83,1200,7,4,1,6
475000,2006,114,3608,12,4,2.5,10
93500,2006,86,1248,8,2,2,5
125000,2006,48,960,5,3,1,5
64500,2006,88,1020,5,2,1,3
100000,2006,65,788,4,2,1,4
140200,2006,67,1577,6,3,1,6
202500,2006,82,1827,9,2,1,6
159000,2006,59,1664,7,3,2,6
119900,2006,67,1118,5,3,1,5
114500,2006,72,1176,6,3,1,6
115000,2006,70,1344,7,3,1,5
75000,2006,76,1162,6,3,1,3
88000,2006,81,1015,6,3,1,5
80500,2006,59,912,3,2,1,4
149000,2006,78,1576,8,3,1,5
110000,2006,76,1324,7,3,1,5
110500,2006,81,1103,5,2,1,6
89000,2006,85,616,4,2,1,5
113000,2006,84,1048,5,2,1,5
109000,2006,81,816,4,2,1,5
220000,2006,44,2486,8,5,2,6
129000,2006,36,960,6,3,1,4
117000,2006,96,1635,5,2,1,6
52500,2006,65,693,4,2,1,4
107000,2006,82,1430,7,3,2,4
116500,2006,96,1330,7,3,1,5
72000,2006,87,819,4,2,1,5
119500,2006,69,1376,7,3,2,6
125500,2006,68,1360,6,2,1.5,5
91000,2006,84,1077,6,3,1,3
84500,2006,71,754,5,2,1,6
90000,2006,76,984,6,3,1,6
137500,2006,55,1422,7,3,1,5
150000,2006,42,1921,8,4,2,6
131000,2006,56,1640,7,3,1,5
130000,2006,48,1352,6,3,1,5
125000,2006,71,1032,6,2,1,5
80000,2006,70,879,4,2,1,5
157000,2006,2,1073,4,2,2,7
148000,2006,43,1382,6,3,1.5,4
90000,2006,39,1296,6,2,2,4
154500,2006,43,1068,6,3,1,6
153600,2006,39,1064,6,3,1,5
164500,2006,40,1320,6,3,1,5
132000,2006,42,934,4,2,1,6
142500,2006,40,1059,6,3,1,5
158000,2006,38,1159,7,3,1.5,5
149500,2006,28,1400,6,3,1.5,6
165000,2006,39,1458,7,3,1.5,5
180000,2006,38,1721,7,3,2.5,5
160500,2006,28,1040,6,3,1,6
156500,2006,29,1967,10,6,2,5
157000,2006,29,1949,10,6,2,5
172500,2006,48,1920,8,4,2,5
155000,2006,49,1803,8,3,2,5
170000,2006,51,1779,6,3,1.5,5
105000,2006,82,872,5,2,1,5
145000,2006,41,960,3,0,0,4
168000,2006,50,1437,6,3,1.5,5
278000,2006,39,1830,6,2,1,7
164000,2006,43,1000,4,1,1,5
225000,2006,53,2287,7,3,2,7
130000,2006,35,810,4,2,1,5
142500,2006,32,894,5,3,1,5
148400,2006,26,1700,7,2,2.5,7
190000,2006,20,1453,6,2,1.5,7
146000,2006,52,1350,6,3,1.5,4
128000,2006,64,1150,6,3,1,5
225000,2006,58,2008,8,3,3,5
274970,2006,40,2201,8,4,2,6
235000,2006,78,2009,8,4,2,6
415000,2006,71,3672,7,5,3.5,6
182000,2006,44,1560,6,3,2,5
135000,2006,54,1488,7,3,1,5
137000,2006,51,1057,6,3,1,5
136900,2006,52,1855,7,4,2,6
149900,2006,53,1609,7,5,1.5,6
123500,2006,54,1148,6,2,1,5
93000,2006,52,1124,5,3,1,5
91500,2006,58,1456,7,4,1,5
180000,2006,21,1298,5,3,2,6
209000,2006,17,2559,9,4,2.5,6
215000,2006,13,1911,8,3,2.5,8
224500,2006,13,1440,8,2,2,6
229800,2006,1,1876,7,3,2.5,7
183600,2006,1,1208,6,2,2,7
194000,2006,0,1220,6,2,2,7
193879,2006,0,1294,6,2,2,7
221500,2006,1,1614,7,3,2,7
204900,2006,0,1498,5,2,2,7
239799,2006,0,1962,7,3,2.5,7
233555,2006,0,1846,7,3,2,6
260000,2006,1,1734,7,3,2,7
294900,2006,1,1590,6,2,2.5,8
209700,2006,1,1809,8,3,2.5,7
225000,2006,1,1614,7,3,2,7
181000,2006,1,1596,6,3,2.5,7
220000,2006,14,1915,8,3,2.5,8
190000,2006,42,1582,7,4,2,5
180000,2006,37,988,4,1,1,6
280000,2006,31,1533,5,2,2,7
158900,2006,38,1388,6,3,2,6
148000,2006,10,914,5,2,1,5
145000,2006,10,1100,5,3,1.5,5
187000,2006,11,1499,6,3,2.5,6
193000,2006,8,1425,5,3,2,7
156000,2006,11,990,5,3,1,5
235000,2006,6,1525,6,3,2,7
217000,2006,9,1494,6,3,2,6
214000,2006,7,1588,6,3,2,7
196000,2006,7,1749,7,3,2.5,7
217000,2006,7,1779,7,3,2.5,7
200000,2006,4,1861,8,3,2.5,7
192500,2006,4,1776,7,3,2.5,7
205000,2006,5,1541,6,3,2,7
132500,2006,30,954,6,3,1,5
157500,2006,29,1388,6,3,1.5,6
174000,2006,28,1282,6,3,2,6
128500,2006,37,971,5,3,1.5,5
128500,2006,34,864,5,3,1,5
149900,2006,34,894,5,3,1,5
119900,2006,34,864,5,3,1,5
137000,2006,13,1320,5,3,2.5,6
255000,2006,4,1989,7,3,2.5,8
222000,2006,4,1762,6,3,2.5,7
214000,2006,7,1755,7,3,2.5,6
220000,2006,4,1358,5,1,1.5,8
275000,2006,5,1787,7,3,2,8
197000,2006,4,1909,8,4,2.5,7
230000,2006,4,1654,6,3,2,7
268500,2006,7,2214,8,3,2.5,8
210900,2006,10,2049,9,4,2.5,7
227000,2006,8,1939,8,3,2.5,7
237000,2006,11,1995,8,4,2.5,7
274300,2006,8,2097,8,3,2.5,7
216837,2006,2,1836,8,3,2,7
133000,2006,3,848,4,1,1,6
155900,2006,2,848,3,1,1,6
233230,2006,0,1919,8,3,2.5,8
207000,2006,3,1390,7,3,2,7
195000,2006,2,1948,8,4,2.5,7
200000,2006,3,1700,7,3,2,6
203160,2006,0,1737,7,3,2.5,7
195800,2006,1,1611,6,3,2.5,7
212900,2006,1,1552,7,3,2,7
196500,2006,2,1720,7,3,2.5,7
198000,2006,1,1336,6,3,2,7
173900,2006,1,1500,6,3,2.5,6
163990,2006,1,1456,8,3,2.5,6
164990,2006,1,1310,6,3,2,7
98000,2006,96,1436,6,3,2,4
149900,2006,47,1466,6,3,1.5,5
102000,2006,55,1220,6,2,1,4
127500,2006,31,1012,4,4,2,6
127500,2006,31,980,4,4,2,6
119900,2006,37,1176,5,2,1,5
196500,2006,3,1724,8,3,2.5,7
117250,2006,4,914,4,2,1,6
229000,2006,3,2314,9,3,2.5,7
145000,2006,1,1072,5,2,1,5
140000,2006,1,1072,5,2,2,6
142500,2006,1,1072,5,2,1,6
134000,2006,2,1709,7,3,2,7
130000,2006,2,1709,7,3,2,7
130000,2006,2,1709,7,3,2,6
137500,2006,2,1709,7,3,2,7
130000,2006,2,1708,7,3,2,7
97900,2006,58,936,5,3,1,4
92000,2006,91,1338,7,3,2,6
107000,2006,82,1669,9,4,1.5,4
81000,2006,96,1184,8,5,1,5
104900,2006,82,1221,7,4,1,5
115000,2006,51,864,5,2,1,5
125000,2006,52,1482,6,3,2,4
116000,2006,88,1250,7,3,1.5,5
83000,2006,84,1414,8,3,1,4
118500,2006,94,2230,10,5,1,4
35000,2006,84,498,3,1,1,2
121000,2006,96,1273,5,3,1,4
160000,2006,90,1928,10,5,2,5
140000,2006,66,1595,6,2,1,6
137000,2006,68,1551,6,3,2,5
128000,2006,61,1340,6,3,1,6
160000,2006,80,1479,6,3,1,7
138887,2006,92,1784,9,4,1.5,5
149000,2006,86,1510,6,3,1,6
102000,2006,80,1522,7,4,2,5
167000,2006,87,1636,7,4,1.5,7
200100,2006,86,1802,9,4,1.5,7
131000,2006,67,1465,6,3,2,5
112000,2006,65,1288,6,4,1,5
140000,2006,91,1717,7,3,1,7
195000,2006,86,1550,7,3,1.5,6
230000,2006,77,1517,7,3,1,8
194000,2006,66,1717,7,2,1.5,5
137500,2006,84,1180,5,2,1,4
250000,2006,70,2057,6,3,1.5,7
218000,2006,77,1671,7,4,2,7
239000,2006,74,2345,9,4,2.5,6
199500,2006,74,1609,8,3,1.5,7
210000,2006,76,1801,8,3,1.5,6
230000,2006,50,1811,6,2,1,6
217500,2006,29,1647,7,3,2,5
257000,2006,56,2315,9,4,2,5
157000,2006,53,1336,5,2,1,5
223000,2006,37,1844,7,3,2,6
102000,2006,64,976,5,2,1,5
145400,2006,80,1285,6,3,1,6
72000,2006,81,672,4,2,1,4
85000,2006,81,641,4,2,1,4
106500,2006,70,951,6,2,1,4
139000,2006,49,1638,6,4,2,6
108000,2006,86,1336,7,3,1.5,4
51689,2006,61,729,5,2,1,3
35311,2006,57,480,4,1,0,2
115000,2006,55,1396,8,4,2,5
78000,2006,90,936,6,2,1,3
375000,2006,1,1778,5,2,2,8
300000,2006,2,1646,5,2,2,8
242500,2006,27,1625,6,3,2,6
145000,2006,28,1664,10,4,2,6
209000,2006,5,1491,7,3,2,8
135000,2006,29,1004,4,2,1,6
148000,2006,31,1210,6,3,2,6
171000,2006,18,1959,9,5,3,7
335000,2006,17,2519,9,4,2.5,7
230000,2006,20,1295,5,2,2,7
250764,2006,48,1650,6,2,1,6
228000,2006,25,1707,6,2,2.5,8
176000,2006,19,1137,5,2,2,6
180000,2006,16,1339,6,2,2,7
250000,2006,16,2514,8,4,2.5,7
202000,2006,6,1403,5,2,2,6
312500,2006,4,1800,7,3,2,8
320000,2006,1,1960,8,3,2,8
369900,2006,1,2028,7,2,2,8
359900,2006,1,1838,9,3,2,9
81500,2006,55,1600,6,3,1.5,1
215000,2006,9,1368,8,2,2,7
164000,2006,8,1216,5,2,2,6
153500,2006,8,1337,5,2,2,6
84500,2006,0,1140,6,3,1,5
104500,2006,29,1304,5,3,1.5,5
127000,2006,29,1475,6,4,2,5
151400,2006,33,2521,10,5,2.5,6
126500,2006,38,874,5,3,1,5
146500,2006,36,1652,8,4,2,5
73000,2006,36,630,3,1,1,4
79400,2006,34,1092,5,3,1.5,4
140000,2006,37,1360,8,3,1,5
92000,2006,36,630,3,1,1,5
87550,2006,36,1092,5,3,1.5,4
79500,2006,36,1092,5,3,1.5,4
90500,2006,36,1092,5,3,1.5,4
71000,2006,36,1092,6,3,1.5,4
150900,2006,30,1728,8,4,2,6
188000,2006,30,1728,8,4,2,5
160000,2006,29,1126,5,3,2,5
131000,2006,46,1224,7,4,1,5
142500,2006,22,1003,6,3,1,6
131000,2006,23,902,5,2,1,5
132000,2006,14,970,6,3,1,5
170000,2006,32,1389,6,2,1,5
188000,2006,13,2000,9,3,2.5,7
